Sample,Mean_vel,Min_vel,Max_vel,Screen_time_off_percent,Sex
02765,0.0084,0.0,0.0714,0.0,0
02772,0.0288,0.0,0.1447,0.0,0
02773,0.0091,0.0,0.0591,0.0,0
02774,0.0072,0.0,0.1003,0.0,0
02776,0.0063,0.0,0.0515,0.0,0
02780,0.008,0.0,0.0876,0.0,1
02781,0.0063,0.0,0.0813,0.0,0
02785,0.0107,0.0,0.0739,0.0,0
02797,0.0228,0.0,0.1043,0.0,1
02805,0.0123,0.0,0.2065,0.0,1
02818,0.0221,0.0,0.154,0.0,1
02819,0.0114,0.0,0.0845,0.0,0
02827,0.0091,0.0,0.0528,0.0,1
02829,0.0103,0.0,0.1454,0.0,0
02832,0.0041,0.0,0.0334,0.0,1
02833,0.0061,0.0,0.0469,0.0,1
02837,0.0073,0.0,0.0812,0.0,0
02840,0.0062,0.0,0.0443,0.0,0
02841,0.0228,0.0,0.1362,0.0,0
02843,0.0101,0.0,0.0602,0.0,0
02846,0.0062,0.0,0.0486,0.0,1
00002,0.141,0.0,0.7396,0.0,1
00003,0.1079,0.0,0.4456,0.0,1
00005,0.7668,0.0,1.9581,0.0,0
00006,0.0642,0.0,0.4396,0.0,0
00010,0.0024,0.0,0.0219,0.0,1
00024,0.0927,0.0,0.4814,0.0,1
00028,0.0094,0.0,0.0605,0.0,1
00033,0.0088,0.0,0.067,0.0,0
00034,0.0128,0.0,0.0816,0.0,1
00087,0.1237,0.0,0.5569,0.0,1
00089,0.3351,0.0,1.5435,0.0,1
00097,0.0407,0.0,0.1878,0.0,0
00098,0.0108,0.0,0.1156,0.0,1
00099,0.0068,0.0,0.0751,0.0,0
00102,0.0219,0.0,0.1019,0.0,0
00103,0.0538,0.0,0.2569,0.0,0
00104,0.0058,0.0,0.0638,0.0,0
00110,0.016,0.0,0.1344,0.0,1
00114,0.0007,0.0,0.1363,0.0,1
00117,0.0047,0.0,0.0289,0.0,0
00120,0.0089,0.0,0.0651,0.0,1
00121,0.0045,0.0,0.0416,0.0,1
00122,0.0099,0.0,0.0964,0.0,0
00123,0.0061,0.0,0.0443,0.0,1
00124,0.0066,0.0,0.0432,0.0,0
00126,0.0048,0.0,0.0535,0.0,0
00127,0.0243,0.0,0.2015,0.0,0
00128,0.0063,0.0,0.0709,0.0,0
00130,0.0055,0.0,0.0443,0.0,1
00132,0.0154,0.0,0.1094,0.0,1
00133,0.0029,0.0,0.0751,0.0,1
00135,0.0026,0.0,0.039,0.0,0
00137,0.0083,0.0,0.0542,0.0,1
00138,0.0087,0.0,0.0699,0.0,0
00139,0.0058,0.0,0.072,0.0,1
00140,0.014,0.0,0.1323,0.0,0
00141,0.0056,0.0,0.0349,0.0,1
00142,0.006,0.0,0.0484,0.0,0
00143,0.0134,0.0,0.0897,0.0,0
00144,0.0202,0.0,0.1255,0.0,0
00145,0.0076,0.0,0.0815,0.0,1
00146,0.0134,0.0,0.0983,0.0,0
00148,0.0078,0.0,0.1176,0.0,0
00149,0.003,0.0,0.088,0.0,1
00150,0.0054,0.0,0.0701,0.0,0
00153,0.008,0.0,0.0632,0.0,0
00154,0.0063,0.0,0.0619,0.0,0
00156,0.0046,0.0,0.0471,0.0,1
00162,0.0184,0.0,0.0806,0.0,1
00164,0.0051,0.0,0.0647,0.0,0
00165,0.0213,0.0,0.12,0.0,0
00173,0.0208,0.0,0.1536,0.0,0
00178,0.0124,0.0,0.0883,0.0,1
00179,0.0072,0.0,0.0452,0.0,0
00190,0.0232,0.0,0.3553,0.0,0
00191,0.0137,0.0,0.0875,0.0,1
00192,0.005,0.0,0.0401,0.0,0
00194,0.0045,0.0,0.0638,0.0,1
00198,0.0046,0.0,0.0381,0.0,1
00200,0.0134,0.0,0.0996,0.0,1
00202,0.0098,0.0,0.0577,0.0,0
00207,0.0095,0.0,0.0531,0.0,0
00208,0.0036,0.0,0.0782,0.0,0
00209,0.0082,0.0,0.0581,0.0,0
00210,0.0068,0.0,0.0825,0.0,1
00211,0.0098,0.0,0.0909,0.0,0
00212,0.0118,0.0,0.0572,0.0,0
00213,0.0078,0.0,0.0837,0.0,1
00214,0.0227,0.0,0.2117,0.0,0
00218,0.0263,0.0,0.1585,0.0,0
00220,0.0202,0.0,0.1815,0.0,1
00221,0.0079,0.0,0.0736,0.0,1
00222,0.0047,0.0,0.0557,0.0,0
00224,0.0197,0.0,0.111,0.0,1
00225,0.0054,0.0,0.086,0.0,1
00226,0.0179,0.0,0.076,0.0,0
00227,0.008,0.0,0.122,0.0,0
00228,0.0073,0.0,0.06,0.0,1
00229,0.4713,0.0,1.6539,0.0,1
00232,0.0299,0.0,0.2119,0.0,0
00233,0.0164,0.0,0.1422,0.0,0
00234,0.0378,0.0,0.227,0.0,0
00236,0.0058,0.0,0.0586,0.0,1
00237,0.0069,0.0,0.0868,0.0,1
00238,0.021,0.0,0.2141,0.0,0
00239,0.0036,0.0,0.0349,0.0,1
00240,0.0064,0.0,0.0528,0.0,0
00241,0.0126,0.0,0.0979,0.0,0
00243,0.0913,0.0,0.5659,0.0,1
00245,0.025,0.0,0.1599,0.0,1
00247,0.0028,0.0,0.0315,0.0,1
00249,0.0063,0.0,0.0416,0.0,1
00251,0.003,0.0,0.0324,0.0,1
00252,0.0025,0.0,0.024,0.0,0
00258,0.0717,0.0,0.3498,0.0,1
00266,1.9225,0.2048,4.6808,0.0,0
00267,0.0086,0.0,0.0799,0.0,0
00268,0.0051,0.0,0.063,0.0,0
00269,0.0036,0.0,0.0316,0.0,1
00273,0.0035,0.0,0.0345,0.0,0
00274,0.0077,0.0,0.062,0.0,0
00285,0.0047,0.0,0.0532,0.0,0
00288,0.0031,0.0,0.0368,0.0,0
00289,0.1155,0.0,0.5226,0.0,0
00295,0.8751,0.084,4.2379,0.0,1
00296,0.0139,0.0,0.1556,0.0,1
00299,0.0044,0.0,0.0662,0.0,0
00300,0.0047,0.0,0.0376,0.0,1
00303,0.3945,0.0,1.0777,0.0,0
00304,0.0096,0.0,0.0501,0.0,0
00305,0.0052,0.0,0.0361,0.0,0
00307,0.2016,0.0,1.314,0.0,0
00309,0.0049,0.0,0.0534,0.0,0
00310,0.043,0.0,0.2058,0.0,1
00311,0.423,0.0,1.7111,0.0,0
00312,0.0142,0.0,0.1072,0.0,0
00317,0.1056,0.0,0.6534,0.0,1
00319,0.0045,0.0,0.0477,0.0,1
00322,0.0075,0.0,0.0555,0.0,1
00324,0.0078,0.0,0.0738,0.0,1
00325,0.0047,0.0,0.0718,0.0,0
00326,0.0033,0.0,0.0369,0.0,0
00330,0.0113,0.0,0.0827,0.0,0
00331,0.0397,0.0,0.4055,0.0,0
00332,0.0212,0.0,0.1425,0.0,1
00339,0.5022,0.0,2.9253,0.0,0
00342,0.0252,0.0,0.1182,0.0,0
00343,0.0119,0.0,0.0684,0.0,1
00351,0.0061,0.0,0.0462,0.0,0
00354,0.1733,0.0,0.5691,0.0,1
00355,0.0413,0.0,0.2057,0.0,1
00356,0.0037,0.0,0.039,0.0,0
00357,0.0056,0.0,0.0472,0.0,0
00358,0.0029,0.0,0.0471,0.0,0
00359,0.0147,0.0,0.1101,0.0,0
00363,0.0042,0.0,0.0302,0.0,1
00376,0.0053,0.0,0.0348,0.0,1
00377,0.0051,0.0,0.0662,0.0,0
00382,0.0032,0.0,0.0312,0.0,0
00383,0.051,0.0,0.9133,0.0,0
00459,0.0308,0.0,0.1511,0.0,1
00460,0.0591,0.0,0.3034,0.0,1
00463,0.0085,0.0,0.093,0.0,0
00465,0.0881,0.0,0.3378,0.0,0
00466,0.0367,0.0,0.2396,0.0,1
00467,0.1391,0.0,0.9184,0.0,0
00469,0.0234,0.0,0.1597,0.0,0
00471,0.0048,0.0,0.0489,0.0,1
00472,0.0049,0.0,0.0559,0.0,0
00473,0.0696,0.0,0.2482,0.0,0
00475,0.046,0.0,0.5575,0.0,0
00477,0.0027,0.0,0.0198,0.0,1
00480,0.0042,0.0,0.0422,0.0,1
00481,0.009,0.0,0.0614,0.0,0
00487,0.0209,0.0,0.1017,0.0,1
00488,0.0068,0.0,0.0483,0.0,0
00491,0.0233,0.0,0.3352,0.0,0
00492,0.0724,0.0,0.2563,0.0,1
00493,0.0086,0.0,0.0869,0.0,1
00494,0.0062,0.0,0.0491,0.0,0
00495,0.0074,0.0,0.0791,0.0,0
00496,0.0039,0.0,0.1469,0.0,0
00499,0.0183,0.0,0.1067,0.0,1
00500,0.02,0.0,0.1073,0.0,0
00501,0.0217,0.0,0.1856,0.0,1
00503,0.004,0.0,0.0374,0.0,0
00505,0.0084,0.0,0.0923,0.0,0
00507,0.0062,0.0,0.0626,0.0,0
00509,0.0033,0.0,0.0356,0.0,0
00510,0.0013,0.0,0.0654,0.0,1
00511,0.0564,0.0,0.4622,0.0,0
00512,0.0221,0.0,0.1523,0.0,0
00513,0.0059,0.0,0.0338,0.0,1
00514,0.0063,0.0,0.0762,0.0,0
00518,0.0255,0.0,0.1824,0.0,0
00519,0.0002,0.0,0.0431,0.0,0
00520,0.007,0.0,0.0395,0.0,1
00521,0.0159,0.0,0.0769,0.0,0
00522,0.0002,0.0,0.0519,0.0,0
00525,0.0171,0.0,0.1163,0.0,0
00531,0.021,0.0,0.133,0.0,0
00533,0.0251,0.0,0.2923,0.0,1
00534,0.0038,0.0,0.0465,0.0,1
00535,0.0051,0.0,0.0539,0.0,0
00539,0.0105,0.0,0.1186,0.0,0
00540,0.0078,0.0,0.075,0.0,0
00542,0.1117,0.0,0.4473,0.0,0
00544,0.1,0.0,0.4046,0.0,0
00545,0.0259,0.0,0.1318,0.0,0
00546,0.0031,0.0,0.0313,0.0,1
00547,0.0068,0.0,0.0668,0.0,1
00548,0.0069,0.0,0.0515,0.0,0
00549,0.0218,0.0,0.1417,0.0,1
00550,0.0092,0.0,0.0593,0.0,0
00553,0.0145,0.0,0.1261,0.0,1
00554,0.0181,0.0,0.1299,0.0,0
00555,0.009,0.0,0.0538,0.0,1
00560,0.011,0.0,0.1072,0.0,0
00562,0.0081,0.0,0.088,0.0,0
00563,0.0066,0.0,0.0623,0.0,0
00565,0.0079,0.0,0.0779,0.0,1
00566,0.0061,0.0,0.046,0.0,1
00569,0.0052,0.0,0.0955,0.0,0
00572,0.0104,0.0,0.0696,0.0,1
00574,0.0051,0.0,0.0491,0.0,0
00575,0.0099,0.0,0.0731,0.0,0
00578,0.1618,0.0,0.758,0.0,0
00580,0.0039,0.0,0.044,0.0,1
00581,0.0081,0.0,0.088,0.0,1
00584,0.088,0.0,0.503,0.0,1
00585,0.0175,0.0,0.1101,0.0,1
00588,0.0094,0.0,0.0718,0.0,0
00590,0.0616,0.0,0.5172,0.0,0
00595,0.0073,0.0,0.0654,0.0,1
00597,0.0068,0.0,0.0984,0.0,1
00599,0.02,0.0,0.1345,0.0,1
00600,0.0057,0.0,0.0541,0.0,1
00601,0.0071,0.0,0.0851,0.0,1
00602,0.0085,0.0,0.0555,0.0,1
00605,0.0085,0.0,0.0699,0.0,1
00606,0.0071,0.0,0.0659,0.0,1
00607,0.0066,0.0,0.0588,0.0,0
00610,0.0067,0.0,0.0519,0.0,0
00611,0.0084,0.0,0.056,0.0,1
00613,0.0161,0.0,0.1248,0.0,0
00616,0.0065,0.0,0.0597,0.0,0
00617,0.1454,0.0,0.5446,0.0,1
00618,0.0188,0.0,0.1204,0.0,1
00619,0.0052,0.0,0.0601,0.0,0
00621,0.0817,0.0,0.5848,0.0,0
00622,0.0272,0.0,0.1642,0.0,0
00623,0.0021,0.0,0.0407,0.0,1
00624,0.0086,0.0,0.1065,0.0,1
00626,0.0077,0.0,0.0641,0.0,1
00627,0.1184,0.0,0.9697,0.0,0
00632,0.1027,0.0,0.552,0.0,0
00633,0.5297,0.0803,1.4703,0.0,0
00634,0.0936,0.0,0.3396,0.0,0
00636,0.0155,0.0,0.13,0.0,1
00638,0.0428,0.0,0.5301,0.0,0
00641,0.0046,0.0,0.0505,0.0,0
00642,0.0169,0.0,0.1012,0.0,0
00643,0.0277,0.0,0.2685,0.0,0
00644,0.0108,0.0,0.079,0.0,0
00645,0.0516,0.0,0.3651,0.0,0
00646,0.0072,0.0,0.059,0.0,0
00649,0.044,0.0,0.1774,0.0,0
00650,0.007,0.0,0.0975,0.0,0
00653,0.0047,0.0,0.0463,0.0,1
00654,0.0064,0.0,0.0615,0.0,1
00658,0.0432,0.0,0.2635,0.0,0
00661,0.0261,0.0,0.1093,0.0,0
00663,0.0448,0.0,0.353,0.0,0
00666,0.0246,0.0,0.2799,0.0,0
00667,0.0061,0.0,0.0662,0.0,1
00668,0.0051,0.0,0.046,0.0,0
00669,0.0073,0.0,0.0484,0.0,0
00670,0.0806,0.0,0.3904,0.0,0
00672,0.0162,0.0,0.0918,0.0,0
00675,0.2192,0.0,0.7209,0.0,1
00676,0.0164,0.0,0.1579,0.0,1
00677,0.0234,0.0,0.1828,0.0,1
00678,0.0059,0.0,0.0882,0.0,1
00679,0.0043,0.0,0.0441,0.0,0
00680,0.0073,0.0,0.1141,0.0,0
00682,0.0085,0.0,0.0994,0.0,1
00683,0.009,0.0,0.0831,0.0,1
00686,0.0204,0.0,0.1677,0.0,0
00687,0.0635,0.0,0.2614,0.0,1
00688,0.0189,0.0,0.1135,0.0,0
00690,0.0338,0.0,0.1379,0.0,1
00691,0.0039,0.0,0.0456,0.0,1
00693,0.1698,0.0,1.0205,0.0,1
00694,0.0195,0.0,0.1145,0.0,1
00695,0.0159,0.0,0.1066,0.0,0
00696,0.0073,0.0,0.0632,0.0,0
00699,0.118,0.0,0.4864,0.0,1
00700,0.0045,0.0,0.0723,0.0,1
00704,0.0061,0.0,0.0784,0.0,0
00706,0.0064,0.0,0.0511,0.0,1
00707,0.0444,0.0,0.1903,0.0,0
00710,0.0091,0.0,0.0979,0.0,0
00711,0.0502,0.0,0.2833,0.0,1
00712,0.0067,0.0,0.0681,0.0,1
00714,0.0046,0.0,0.0264,0.0,1
00716,0.0752,0.0,0.6207,0.0,1
00718,0.0072,0.0,0.0544,0.0,1
00719,0.0019,0.0,0.0246,0.0,1
00721,0.0123,0.0,0.0972,0.0,0
00722,0.0105,0.0,0.0736,0.0,1
00728,0.051,0.0,0.4595,0.0,1
00729,0.0148,0.0,0.1258,0.0,0
00730,0.0211,0.0,0.1338,0.0,1
00731,0.0233,0.0,0.1449,0.0,1
00732,0.0042,0.0,0.0516,0.0,1
00733,0.0211,0.0,0.2362,0.0,0
00737,0.0075,0.0,0.0565,0.0,0
00740,0.003,0.0,0.0367,0.0,0
00741,0.0031,0.0,0.0328,0.0,1
00742,0.0503,0.0,0.3305,0.0,0
00743,0.0107,0.0,0.0709,0.0,0
00745,0.0792,0.0,0.4946,0.0,0
00746,0.0111,0.0,0.1077,0.0,0
00747,0.0076,0.0,0.0548,0.0,1
00748,0.0058,0.0,0.0471,0.0,0
00749,0.0611,0.0,0.2355,0.0,1
00750,0.0051,0.0,0.0526,0.0,1
00752,0.0255,0.0,0.1814,0.0,0
00753,0.011,0.0,0.089,0.0,1
00755,0.0196,0.0,0.1739,0.0,1
00756,0.0545,0.0,0.4597,0.0,0
00757,0.0064,0.0,0.0574,0.0,0
00764,0.027,0.0,0.1209,0.0,0
00765,0.0294,0.0,0.2332,0.0,0
00767,0.0067,0.0,0.0562,0.0,0
00771,0.0172,0.0,0.1072,0.0,0
00772,0.0063,0.0,0.0618,0.0,1
00773,0.0215,0.0,0.1233,0.0,1
00774,0.1823,0.0,0.9816,0.0,0
00775,0.0077,0.0,0.0593,0.0,0
00776,0.0059,0.0,0.0579,0.0,0
00777,0.0257,0.0,0.1166,0.0,0
00779,0.0058,0.0,0.0531,0.0,1
00789,0.0058,0.0,0.0786,0.0,1
00790,0.0096,0.0,0.068,0.0,0
00791,0.058,0.0,0.4242,0.0,0
00795,0.0116,0.0,0.0816,0.0,1
00796,0.0025,0.0,0.0284,0.0,1
00798,0.0128,0.0,0.3734,0.0,1
00801,0.0389,0.0,0.2194,0.0,1
00802,0.0089,0.0,0.0596,0.0,0
00803,0.024,0.0,0.4614,0.0,0
00804,0.0015,0.0,0.0233,0.0,1
00806,0.0044,0.0,0.0407,0.0,0
00807,0.0652,0.0,0.4393,0.0,0
00808,0.0049,0.0,0.0765,0.0,0
00810,0.0176,0.0,0.1786,0.0,1
00811,0.0074,0.0,0.0604,0.0,1
00812,0.0066,0.0,0.0596,0.0,0
00814,0.0102,0.0,0.1001,0.0,0
00818,0.0233,0.0,0.1733,0.0,1
00819,0.135,0.0,0.7755,0.0,1
00820,0.0273,0.0,0.1686,0.0,1
00821,0.0058,0.0,0.0556,0.0,0
00823,0.0119,0.0,0.0767,0.0,1
00825,0.2128,0.0,0.8224,0.0,1
00827,0.0352,0.0,0.2137,0.0,1
00828,0.1053,0.0,0.4026,0.0,1
00831,0.0081,0.0,0.0673,0.0,0
00832,0.054,0.0,0.4682,0.0,0
00833,0.0105,0.0,0.0874,0.0,0
00835,0.0022,0.0,0.0256,0.0,1
00837,0.0041,0.0,0.046,0.0,0
00840,0.0046,0.0,0.0475,0.0,0
00841,0.1543,0.0,0.715,0.0,0
00842,0.026,0.0,0.1751,0.0,0
00849,0.0727,0.0,0.3516,0.0,0
00850,0.0217,0.0,0.1225,0.0,0
00851,0.0137,0.0,0.0767,0.0,1
00852,0.0066,0.0,0.0584,0.0,1
00853,0.0241,0.0,0.1814,0.0,0
00855,0.0097,0.0,0.0738,0.0,0
00859,0.0042,0.0,0.0428,0.0,1
00861,0.0133,0.0,0.0605,0.0,0
00864,0.0055,0.0,0.0914,0.0,1
00865,0.01,0.0,0.0625,0.0,0
00868,0.0086,0.0,0.0679,0.0,0
00869,0.0084,0.0,0.0741,0.0,0
00872,0.0158,0.0,0.1795,0.0,1
00873,0.0346,0.0,0.2588,0.0,1
00874,0.0059,0.0,0.0508,0.0,1
00875,0.0195,0.0,0.1266,0.0,1
00876,0.032,0.0,0.1295,0.0,1
00878,0.0058,0.0,0.0462,0.0,0
00880,0.0065,0.0,0.0491,0.0,1
00881,0.0084,0.0,0.0696,0.0,0
00882,0.007,0.0,0.0651,0.0,0
00886,0.0681,0.0,0.7833,0.0,0
00888,0.0064,0.0,0.0689,0.0,0
00889,0.0256,0.0,0.2365,0.0,1
00890,0.0281,0.0,0.0956,0.0,1
00891,0.0227,0.0,0.2037,0.0,0
00892,0.0077,0.0,0.0566,0.0,1
00894,0.0269,0.0,0.1695,0.0,0
00896,0.0073,0.0,0.0659,0.0,0
00897,0.0226,0.0,0.1024,0.0,1
00898,0.0115,0.0,0.0884,0.0,0
00899,0.0076,0.0,0.0788,0.0,0
00900,0.0055,0.0,0.063,0.0,0
00904,0.0285,0.0,0.1553,0.0,0
00905,0.0072,0.0,0.0628,0.0,0
00907,0.0082,0.0,0.0537,0.0,1
00911,0.0071,0.0,0.0593,0.0,0
00912,0.0077,0.0,0.0624,0.0,0
00914,0.0124,0.0,0.1299,0.0,0
00915,0.0171,0.0,0.0755,0.0,1
00921,0.0048,0.0,0.0446,0.0,0
00923,0.0388,0.0,0.3491,0.0,1
00924,0.0072,0.0,0.0726,0.0,1
00926,0.0243,0.0,0.1077,0.0,0
00927,0.0063,0.0,0.0549,0.0,0
00930,0.0281,0.0,0.1974,0.0,1
00931,0.0376,0.0,0.1363,0.0,1
00932,0.0029,0.0,0.0241,0.0,1
00933,0.0055,0.0,0.0728,0.0,0
00934,0.0086,0.0,0.074,0.0,0
00935,0.0036,0.0,0.0286,0.0,1
00938,0.0264,0.0,0.3502,0.0,1
00939,0.752,0.2419,2.0162,0.0,1
00944,0.0053,0.0,0.0802,0.0,0
00945,0.0041,0.0,0.0412,0.0,1
00947,0.0054,0.0,0.0637,0.0,1
00948,0.0069,0.0,0.0598,0.0,0
00949,0.0053,0.0,0.059,0.0,0
00953,0.0052,0.0,0.0545,0.0,1
00955,0.4128,0.0,1.1222,0.0,1
00956,0.0603,0.0,0.4478,0.0,1
00960,0.0059,0.0,0.0481,0.0,0
00961,0.0513,0.0,0.3097,0.0,1
00963,0.0252,0.0,0.1541,0.0,1
00965,0.1254,0.0,0.4446,0.0,0
00968,0.0912,0.0,0.309,0.0,1
00969,0.0218,0.0,0.1317,0.0,0
00971,0.0142,0.0,0.1019,0.0,1
00974,0.0072,0.0,0.0644,0.0,0
00976,0.0081,0.0,0.047,0.0,0
00980,0.0028,0.0,0.0497,0.0,0
00981,0.0034,0.0,0.0308,0.0,0
00982,0.0687,0.0,0.7225,0.0,1
00983,0.02,0.0,0.1304,0.0,1
00984,0.0371,0.0,0.867,0.0,0
00986,0.033,0.0,0.1819,0.0,1
00989,0.0282,0.0,0.2393,0.0,0
00991,0.0061,0.0,0.059,0.0,0
00992,0.0005,0.0,0.113,0.0,0
00997,0.0742,0.0,0.5934,0.0,0
00998,0.0424,0.0,0.314,0.0,1
00999,0.0104,0.0,0.0992,0.0,1
01000,0.0155,0.0,0.111,0.0,0
01001,0.0289,0.0,0.1391,0.0,1
01002,0.0241,0.0,0.1451,0.0,0
01003,0.0113,0.0,0.0836,0.0,1
01009,0.0074,0.0,0.0688,0.0,0
01010,0.0091,0.0,0.0913,0.0,0
01012,0.019,0.0,0.2344,0.0,0
01015,0.0047,0.0,0.034,0.0,0
01018,0.0378,0.0,0.2486,0.0,0
01019,0.007,0.0,0.0532,0.0,0
01020,0.0284,0.0,0.1268,0.0,0
01021,0.003,0.0,0.0533,0.0,1
01022,0.099,0.0,0.6045,0.0,1
01024,0.0065,0.0,0.0596,0.0,1
01025,0.0129,0.0,0.0618,0.0,1
01029,0.0611,0.0,0.4484,0.0,0
01030,0.011,0.0,0.0863,0.0,0
01031,0.0438,0.0,0.3358,0.0,0
01032,0.0763,0.0,0.2997,0.0,0
01034,0.0078,0.0,0.0502,0.0,1
01035,0.015,0.0,0.1589,0.0,0
01036,0.0217,0.0,0.1219,0.0,0
01038,0.0861,0.0,0.9361,0.0,0
01039,0.1002,0.0,0.4276,0.0,1
01041,0.0057,0.0,0.0568,0.0,0
01042,0.0056,0.0,0.057,0.0,1
01044,0.0098,0.0,0.0572,0.0,0
01045,0.0033,0.0,0.0308,0.0,0
01046,0.0033,0.0,0.0362,0.0,0
01050,0.0074,0.0,0.0562,0.0,1
01051,0.0077,0.0,0.0406,0.0,0
01052,0.0478,0.0,0.1849,0.0,1
01054,0.0043,0.0,0.0394,0.0,1
01055,0.005,0.0,0.0322,0.0,1
01056,0.0356,0.0,0.1942,0.0,1
01057,0.0336,0.0,0.2356,0.0,1
01058,0.0086,0.0,0.0863,0.0,1
01059,0.0735,0.0,0.4661,0.0,0
01060,0.033,0.0,0.2396,0.0,1
01062,0.0071,0.0,0.0915,0.0,0
01063,0.0036,0.0,0.0559,0.0,0
01064,0.0456,0.0,0.2635,0.0,0
01065,0.007,0.0,0.0566,0.0,0
01066,0.0028,0.0,0.0639,0.0,0
01069,0.0118,0.0,0.0953,0.0,0
01070,0.0366,0.0,0.3328,0.0,1
01073,0.0093,0.0,0.0679,0.0,1
01075,0.108,0.0,0.3914,0.0,0
01076,0.0499,0.0,0.2853,0.0,0
01077,0.0059,0.0,0.0536,0.0,1
01080,0.0129,0.0,0.1645,0.0,0
01081,0.0591,0.0,0.2968,0.0,0
01082,0.0309,0.0,0.2273,0.0,1
01083,0.0047,0.0,0.0581,0.0,1
01084,0.0184,0.0,0.1337,0.0,0
01085,0.0037,0.0,0.0419,0.0,1
01086,0.0096,0.0,0.1125,0.0,0
01087,0.1785,0.0,0.4745,0.0,1
01088,0.0992,0.0,0.3953,0.0,1
01089,0.0393,0.0,0.5405,0.0,0
01090,0.0101,0.0,0.0712,0.0,0
01091,0.0268,0.0,0.1374,0.0,0
01092,0.0087,0.0,0.1065,0.0,1
01093,0.0177,0.0,0.1612,0.0,0
01095,0.0077,0.0,0.0684,0.0,1
01099,0.0505,0.0,0.4359,0.0,0
01100,0.0119,0.0,0.0793,0.0,1
01102,0.2374,0.0,0.8878,0.0,0
01103,0.0055,0.0,0.0348,0.0,1
01104,0.0055,0.0,0.058,0.0,0
01105,0.0252,0.0,0.1223,0.0,0
01106,0.0207,0.0,0.1662,0.0,0
01107,0.0053,0.0,0.0426,0.0,0
01109,0.0785,0.0,0.6634,0.0,0
01110,0.0069,0.0,0.0717,0.0,0
01118,0.0035,0.0,0.0339,0.0,1
01119,0.0055,0.0,0.0509,0.0,1
01120,0.0133,0.0,0.1082,0.0,1
01121,0.0142,0.0,0.0914,0.0,1
01122,0.0034,0.0,0.0174,0.0,1
01123,0.0098,0.0,0.0823,0.0,1
01126,0.0264,0.0,0.2395,0.0,0
01127,0.0085,0.0,0.0694,0.0,0
01128,0.0236,0.0,0.1606,0.0,0
01129,0.0106,0.0,0.1018,0.0,0
01134,0.0101,0.0,0.0544,0.0,1
01135,0.005,0.0,0.0589,0.0,0
01138,0.0189,0.0,0.1125,0.0,0
01139,0.0061,0.0,0.078,0.0,1
01143,0.0083,0.0,0.0711,0.0,0
01145,0.1328,0.0,0.4928,0.0,0
01146,0.0187,0.0,0.1268,0.0,0
01147,0.0061,0.0,0.0626,0.0,0
01148,0.0101,0.0,0.099,0.0,0
01149,0.008,0.0,0.0648,0.0,0
01151,0.0288,0.0,0.0973,0.0,0
01152,0.0056,0.0,0.0518,0.0,0
01155,0.0141,0.0,0.0971,0.0,1
01156,0.0055,0.0,0.0816,0.0,0
01157,0.0099,0.0,0.0684,0.0,1
01158,0.0108,0.0,0.0923,0.0,1
01161,0.0159,0.0,0.1321,0.0,0
01162,0.0154,0.0,0.1292,0.0,0
01163,0.0351,0.0,0.155,0.0,1
01164,0.009,0.0,0.07,0.0,0
01165,0.007,0.0,0.0674,0.0,0
01166,0.0109,0.0,0.0655,0.0,0
01167,0.0155,0.0,0.4443,0.0,1
01168,0.0781,0.0,0.3489,0.0,1
01169,0.1824,0.0,0.7711,0.0,0
01170,0.0067,0.0,0.0441,0.0,0
01171,0.0041,0.0,0.0505,0.0,1
01172,0.0044,0.0,0.0387,0.0,1
01173,0.0241,0.0,0.1473,0.0,0
01174,0.0113,0.0,0.0707,0.0,0
01175,0.0079,0.0,0.0576,0.0,0
01177,0.0819,0.0,0.4514,0.0,0
01178,0.0548,0.0,0.3276,0.0,0
01180,0.0091,0.0,0.0848,0.0,0
01181,0.0317,0.0,0.1432,0.0,1
01182,0.0054,0.0,0.0392,0.0,1
01183,0.0032,0.0,0.0275,0.0,0
01184,0.0105,0.0,0.0901,0.0,1
01185,0.0,0.0,0.0,100.0,1
01186,0.0741,0.0,0.4002,0.0,0
01188,0.0294,0.0,0.2152,0.0,0
01191,0.0042,0.0,0.0382,0.0,1
01195,0.0192,0.0,0.104,0.0,1
01199,0.0682,0.0,0.3249,0.0,1
01200,0.0224,0.0,0.0924,0.0,1
01201,0.017,0.0,0.1196,0.0,1
01204,0.0093,0.0,0.0767,0.0,0
01206,0.0094,0.0,0.0629,0.0,0
01207,0.04,0.0,0.3353,0.0,0
01208,0.0053,0.0,0.0578,0.0,0
01209,0.0048,0.0,0.0479,0.0,0
01211,0.0311,0.0,0.2262,0.0,0
01212,0.0058,0.0,0.1639,0.0,1
01213,0.096,0.0,0.5203,0.0,1
01219,0.0006,0.0,0.0632,0.0,1
01220,0.007,0.0,0.0444,0.0,0
01221,0.0508,0.0,0.2357,0.0,0
01222,0.0619,0.0,0.2481,0.0,1
01224,0.0029,0.0,0.0367,0.0,0
01225,0.0179,0.0,0.1039,0.0,0
01231,0.0032,0.0,0.0316,0.0,1
01232,0.0374,0.0,0.3092,0.0,0
01233,0.0039,0.0,0.0361,0.0,0
01237,0.0236,0.0,0.1513,0.0,1
01243,0.0048,0.0,0.1051,0.0,1
01244,0.0098,0.0,0.1102,0.0,0
01247,0.0268,0.0,0.1372,0.0,1
01248,0.0124,0.0,0.1066,0.0,1
01250,0.0059,0.0,0.0436,0.0,1
01252,0.0153,0.0,0.1532,0.0,1
01254,0.0128,0.0,0.1001,0.0,0
01255,0.0104,0.0,0.1695,0.0,0
01256,0.0097,0.0,0.0636,0.0,0
01259,0.0215,0.0,0.1688,0.0,1
01260,0.1619,0.0,0.5728,0.0,1
01262,0.0096,0.0,0.0961,0.0,1
01266,0.0056,0.0,0.0396,0.0,1
01267,0.1709,0.0,0.9235,0.0,0
01269,0.0041,0.0,0.0473,0.0,0
01270,0.0419,0.0,0.2526,0.0,1
01273,0.013,0.0,0.1097,0.0,1
01274,0.0807,0.0,0.4229,0.0,1
01275,0.3596,0.0,1.3207,0.0,0
01276,0.9889,0.0,3.2904,0.0,0
01278,0.0189,0.0,0.1185,0.0,0
01279,0.0055,0.0,0.058,0.0,1
01281,0.0179,0.0,0.1226,0.0,1
01282,0.0111,0.0,0.0767,0.0,1
01283,0.0042,0.0,0.0624,0.0,0
01285,0.0065,0.0,0.0976,0.0,0
01286,0.006,0.0,0.0535,0.0,0
01293,0.0346,0.0,0.3518,0.0,0
01295,0.0087,0.0,0.069,0.0,0
01297,0.0392,0.0,0.2143,0.0,0
01298,0.0065,0.0,0.0816,0.0,1
01300,0.0082,0.0,0.0619,0.0,0
01301,0.0059,0.0,0.0615,0.0,0
01303,0.0044,0.0,0.0541,0.0,0
01304,0.021,0.0,0.372,0.0,1
01315,0.0003,0.0,0.0912,0.0,1
01316,0.0182,0.0,0.1939,0.0,0
01319,0.0052,0.0,0.037,0.0,0
01320,0.0411,0.0,0.528,0.0,0
01323,0.0072,0.0,0.0638,0.0,1
01326,0.0045,0.0,0.042,0.0,0
01327,0.0032,0.0,0.0365,0.0,1
01328,0.0062,0.0,0.0577,0.0,0
01329,0.0048,0.0,0.0415,0.0,0
01330,0.008,0.0,0.0852,0.0,1
01331,0.0109,0.0,0.0881,0.0,1
01333,0.0067,0.0,0.1085,0.0,0
01340,0.0218,0.0,0.1558,0.0,1
01347,0.0105,0.0,0.079,0.0,1
01348,0.0043,0.0,0.0387,0.0,0
01349,0.0108,0.0,0.0819,0.0,0
01350,1.4458,1.17,1.9973,0.0,1
01351,0.018,0.0,0.1416,0.0,1
01352,0.0068,0.0,0.0565,0.0,0
01353,0.0042,0.0,0.0516,0.0,1
01354,0.0126,0.0,0.1691,0.0,0
01356,0.0148,0.0,0.1202,0.0,1
01357,0.0088,0.0,0.0932,0.0,0
01358,0.015,0.0,0.0905,0.0,1
01360,0.0133,0.0,0.1414,0.0,0
01361,0.0202,0.0,0.1555,0.0,0
01362,0.0151,0.0,0.1065,0.0,0
01366,0.0178,0.0,0.1147,0.0,0
01367,0.007,0.0,0.0464,0.0,1
01368,0.0052,0.0,0.0297,0.0,1
01370,0.0054,0.0,0.0514,0.0,0
01372,0.2794,0.0,0.854,0.0,0
01373,0.0059,0.0,0.0624,0.0,0
01375,0.0127,0.0,0.0625,0.0,0
01376,0.0072,0.0,0.0706,0.0,0
01377,0.0043,0.0,0.049,0.0,0
01379,0.0045,0.0,0.0402,0.0,0
01380,0.0096,0.0,0.0895,0.0,1
01382,0.009,0.0,0.0637,0.0,0
01383,0.0507,0.0,0.1961,0.0,0
01384,0.0028,0.0,0.0281,0.0,0
01386,0.0111,0.0,0.1021,0.0,0
01387,0.0059,0.0,0.069,0.0,1
01388,0.0036,0.0,0.0478,0.0,0
01389,0.0456,0.0,0.1507,0.0,1
01390,0.0028,0.0,0.0349,0.0,0
01391,0.0056,0.0,0.0552,0.0,0
01392,0.0314,0.0,0.2503,0.0,1
01393,0.3162,0.0254,0.7951,0.0,1
01396,0.0196,0.0,0.1554,0.0,1
01400,0.0122,0.0,0.0998,0.0,0
01404,0.0083,0.0,0.0509,0.0,1
01405,0.0453,0.0,0.773,0.0,0
01406,0.0416,0.0,0.3188,0.0,0
01414,0.0311,0.0,0.3163,0.0,1
01415,0.0045,0.0,0.0525,0.0,1
01420,0.0175,0.0,0.0982,0.0,0
01421,0.078,0.0,0.4333,0.0,0
01423,0.017,0.0,0.1036,0.0,0
01424,0.0303,0.0,0.2507,0.0,0
01425,0.008,0.0,0.088,0.0,0
01428,0.0145,0.0,0.1008,0.0,1
01430,0.008,0.0,0.0747,0.0,1
01431,0.0296,0.0,0.2368,0.0,1
01432,0.0048,0.0,0.0456,0.0,1
01434,0.0115,0.0,0.0667,0.0,1
01435,0.0095,0.0,0.0875,0.0,0
01438,0.0072,0.0,0.0653,0.0,0
01440,0.0896,0.0,0.3261,0.0,0
01443,0.0505,0.0,0.2554,0.0,1
01445,0.0657,0.0,0.3572,0.0,1
01446,0.0166,0.0,0.152,0.0,1
01448,0.0094,0.0,0.0646,0.0,1
01451,0.0046,0.0,0.0514,0.0,0
01454,0.0118,0.0,0.1102,0.0,0
01456,0.006,0.0,0.0464,0.0,0
01457,0.0098,0.0,0.0876,0.0,1
01459,0.0724,0.0,0.3047,0.0,0
01460,0.0058,0.0,0.053,0.0,0
01462,0.1484,0.0,0.632,0.0,1
01467,0.0286,0.0,0.2331,0.0,0
01470,0.0391,0.0,0.1675,0.0,1
01471,0.0132,0.0,0.0791,0.0,0
01472,0.0113,0.0,0.0675,0.0,0
01473,0.0095,0.0,0.0788,0.0,1
01474,0.0076,0.0,0.0548,0.0,0
01475,0.0075,0.0,0.0602,0.0,0
01477,0.0065,0.0,0.0461,0.0,0
01478,0.0089,0.0,0.0774,0.0,0
01479,0.0331,0.0,0.381,0.0,0
01480,0.0414,0.0,0.2266,0.0,0
01481,0.0214,0.0,0.0899,0.0,1
01482,0.2399,0.0,0.8423,0.0,0
01483,0.0573,0.0,0.7315,0.0,0
01485,0.0558,0.0,0.4843,0.0,1
01486,0.0147,0.0,0.1068,0.0,1
01487,0.0094,0.0,0.0983,0.0,1
01488,0.0204,0.0,0.0865,0.0,1
01491,0.0061,0.0,0.0553,0.0,0
01492,0.0146,0.0,0.1465,0.0,0
01496,0.0029,0.0,0.0327,0.0,0
01497,0.0639,0.0,0.2562,0.0,1
01499,0.0133,0.0,0.1001,0.0,0
01506,0.009,0.0,0.0821,0.0,0
01508,0.0333,0.0,0.3089,0.0,1
01509,0.005,0.0,0.0459,0.0,1
01510,0.0074,0.0,0.0632,0.0,1
01511,0.0081,0.0,0.068,0.0,0
01514,0.0015,0.0,0.0801,0.0,1
01515,0.0719,0.0,0.3752,0.0,0
01516,0.0106,0.0,0.0891,0.0,0
01517,0.0098,0.0,0.0716,0.0,1
01519,0.0125,0.0,0.1067,0.0,0
01523,0.0082,0.0,0.0868,0.0,1
01524,0.0244,0.0,0.1678,0.0,1
01525,0.0079,0.0,0.0908,0.0,0
01528,0.0022,0.0,0.0522,0.0,1
01531,0.0102,0.0,0.0597,0.0,1
01532,0.0065,0.0,0.0679,0.0,1
01533,0.0453,0.0,0.4054,0.0,1
01534,0.0108,0.0,0.078,0.0,1
01540,0.0023,0.0,0.08,0.0,1
01542,0.1122,0.0,0.6538,0.0,0
01543,0.0109,0.0,0.1434,0.0,1
01544,0.0047,0.0,0.0686,0.0,1
01546,0.011,0.0,0.0942,0.0,0
01551,0.0528,0.0,0.1487,0.0,1
01553,0.0035,0.0,0.036,0.0,1
01556,0.0112,0.0,0.0743,0.0,1
01566,0.0523,0.0,0.1876,0.0,0
01569,0.022,0.0,0.1049,0.0,0
01574,0.0061,0.0,0.0557,0.0,1
01575,0.026,0.0,0.1078,0.0,0
01577,0.0354,0.0,0.4012,0.0,0
01581,0.0098,0.0,0.0793,0.0,0
01582,0.0958,0.0,0.4856,0.0,0
01583,0.0077,0.0,0.092,0.0,0
01584,0.0261,0.0,0.1577,0.0,0
01602,0.0125,0.0,0.1024,0.0,0
01603,0.0041,0.0,0.0457,0.0,0
01604,0.005,0.0,0.062,0.0,1
01606,0.0069,0.0,0.0598,0.0,1
01611,0.0076,0.0,0.056,0.0,0
01612,0.0082,0.0,0.0884,0.0,0
01613,0.0131,0.0,0.074,0.0,0
01617,0.0052,0.0,0.0736,0.0,0
01618,0.0051,0.0,0.0423,0.0,0
01625,0.0053,0.0,0.0643,0.0,1
01627,0.0049,0.0,0.0952,0.0,1
01630,0.0132,0.0,0.2173,0.0,0
01631,0.0129,0.0,0.1641,0.0,0
01633,0.0338,0.0,0.1187,0.0,0
01635,0.0087,0.0,0.0584,0.0,0
01636,0.0078,0.0,0.0621,0.0,0
01637,0.0062,0.0,0.0642,0.0,1
01640,0.0161,0.0,0.0928,0.0,0
01643,0.0062,0.0,0.0511,0.0,1
01644,0.0047,0.0,0.0475,0.0,1
01645,0.0057,0.0,0.0533,0.0,0
01646,0.0297,0.0,0.1299,0.0,0
01648,0.0064,0.0,0.0604,0.0,0
01650,0.0055,0.0,0.0468,0.0,1
01651,0.0053,0.0,0.0821,0.0,1
01653,0.0074,0.0,0.0614,0.0,1
01658,0.0042,0.0,0.0712,0.0,1
01661,0.0061,0.0,0.0606,0.0,1
01665,0.0108,0.0,0.1058,0.0,0
01669,0.0064,0.0,0.0591,0.0,0
01671,0.0051,0.0,0.0647,0.0,0
01672,0.005,0.0,0.0365,0.0,1
01674,0.0064,0.0,0.0705,0.0,0
01676,2.686,1.0666,5.8097,0.0,0
01678,0.0126,0.0,0.1126,0.0,0
01680,0.0088,0.0,0.0918,0.0,0
01681,0.004,0.0,0.0404,0.0,0
01682,0.0094,0.0,0.1825,0.0,0
01684,0.0027,0.0,0.0355,0.0,1
01687,0.0044,0.0,0.0503,0.0,1
01689,0.009,0.0,0.0872,0.0,1
01690,0.0028,0.0,0.0372,0.0,0
01692,0.0042,0.0,0.035,0.0,0
01693,0.008,0.0,0.0481,0.0,1
01697,0.1279,0.0,0.5978,0.0,0
01698,0.0651,0.0,0.3097,0.0,0
01700,0.005,0.0,0.0558,0.0,0
01702,0.0056,0.0,0.0653,0.0,1
01703,0.0073,0.0,0.0983,0.0,1
01705,0.0693,0.0,0.3623,0.0,1
01706,0.0089,0.0,0.0563,0.0,1
01709,0.0194,0.0,0.1531,0.0,0
01710,0.0057,0.0,0.0719,0.0,1
01713,0.0032,0.0,0.0381,0.0,1
01717,0.004,0.0,0.0419,0.0,1
01718,0.0478,0.0,0.3173,0.0,1
01719,0.0034,0.0,0.0368,0.0,1
01720,0.0043,0.0,0.0414,0.0,1
01726,0.0452,0.0,0.1582,0.0,1
01727,0.0038,0.0,0.0602,0.0,1
01728,0.0571,0.0,0.2676,0.0,1
01729,0.0115,0.0,0.128,0.0,1
01730,0.0,0.0,0.0,100.0,1
01731,0.0064,0.0,0.0544,0.0,1
01734,0.0035,0.0,0.0618,0.0,0
01738,0.0044,0.0,0.0468,0.0,0
01741,0.0109,0.0,0.0747,0.0,1
01744,0.0052,0.0,0.0633,0.0,0
01745,0.0141,0.0,0.1374,0.0,1
01747,0.0173,0.0,0.1235,0.0,1
01748,0.0035,0.0,0.0509,0.0,1
01755,0.1057,0.0,0.7757,0.0,0
01760,0.0034,0.0,0.0327,0.0,1
01762,0.0039,0.0,0.0504,0.0,1
01763,0.0043,0.0,0.0381,0.0,1
01768,0.0052,0.0,0.0626,0.0,1
01770,0.006,0.0,0.0625,0.0,1
01771,0.0225,0.0,0.1188,0.0,1
01773,0.0032,0.0,0.0339,0.0,1
01775,0.005,0.0,0.085,0.0,1
01778,0.0047,0.0,0.058,0.0,1
01779,0.0071,0.0,0.0712,0.0,1
01782,0.0071,0.0,0.1029,0.0,1
01783,0.0107,0.0,0.0896,0.0,1
01786,0.0039,0.0,0.0412,0.0,1
01789,0.0073,0.0,0.0521,0.0,1
01792,0.0054,0.0,0.0528,0.0,0
01794,0.0093,0.0,0.0876,0.0,0
01795,0.0269,0.0,0.1241,0.0,0
01796,0.0028,0.0,0.0389,0.0,1
01798,0.0002,0.0,0.0375,0.0,1
01802,0.0092,0.0,0.0728,0.0,0
01803,0.0221,0.0,0.1296,0.0,0
01805,0.006,0.0,0.0454,0.0,0
01806,0.0067,0.0,0.0725,0.0,0
01809,0.0045,0.0,0.0338,0.0,1
01812,0.0051,0.0,0.1543,0.0,1
01813,0.0096,0.0,0.1011,0.0,0
01816,0.0029,0.0,0.0318,0.0,1
01817,0.0025,0.0,0.0358,0.0,1
01818,0.0022,0.0,0.0228,0.0,1
01819,0.0044,0.0,0.0458,0.0,1
01821,0.0089,0.0,0.0946,0.0,0
01823,0.0047,0.0,0.0559,0.0,1
01825,0.0061,0.0,0.051,0.0,1
01826,0.02,0.0,0.1511,0.0,0
01827,0.0064,0.0,0.059,0.0,0
01828,0.0104,0.0,0.0899,0.0,0
01830,0.0043,0.0,0.0441,0.0,1
01833,0.0094,0.0,0.0702,0.0,0
01843,0.0547,0.0,0.257,0.0,1
01845,0.0081,0.0,0.0604,0.0,1
01849,0.0036,0.0,0.0633,0.0,1
01855,0.0102,0.0,0.0964,0.0,1
01858,0.0064,0.0,0.0594,0.0,0
01859,0.006,0.0,0.0504,0.0,1
01860,0.0047,0.0,0.0448,0.0,1
01862,0.004,0.0,0.0392,0.0,1
01863,0.0066,0.0,0.0462,0.0,0
01866,0.0026,0.0,0.048,0.0,1
01867,0.0073,0.0,0.0533,0.0,1
01868,0.0079,0.0,0.0739,0.0,0
01869,0.0057,0.0,0.0579,0.0,1
01870,0.0304,0.0,0.1119,0.0,0
01874,0.0046,0.0,0.0538,0.0,1
01876,0.0089,0.0,0.0529,0.0,1
01877,0.0019,0.0,0.0219,0.0,1
01878,0.0222,0.0,0.1517,0.0,1
01880,0.0085,0.0,0.0512,0.0,0
01882,0.0051,0.0,0.049,0.0,1
01883,0.0066,0.0,0.0633,0.0,1
01884,0.0058,0.0,0.0565,0.0,1
01885,0.0041,0.0,0.0354,0.0,1
01887,0.0042,0.0,0.0658,0.0,1
01888,0.0127,0.0,0.0878,0.0,0
01889,0.0042,0.0,0.0539,0.0,0
01892,0.0213,0.0,0.1212,0.0,1
01893,0.0079,0.0,0.0483,0.0,1
01896,0.0123,0.0,0.0822,0.0,0
01897,0.0004,0.0,0.0503,0.0,1
01900,0.0084,0.0,0.0686,0.0,1
01901,0.0418,0.0,0.1953,0.0,1
01902,0.0091,0.0,0.0706,0.0,1
01905,0.0058,0.0,0.0467,0.0,0
01906,0.0089,0.0,0.072,0.0,0
01907,0.0082,0.0,0.0639,0.0,1
01908,0.0083,0.0,0.1189,0.0,0
01912,0.1061,0.0,0.392,0.0,0
01915,0.0048,0.0,0.0525,0.0,1
01921,0.0071,0.0,0.0586,0.0,1
01922,0.0095,0.0,0.1023,0.0,0
01924,0.0035,0.0,0.0672,0.0,1
01925,0.0177,0.0,0.155,0.0,1
01926,0.0044,0.0,0.0494,0.0,0
01927,0.0061,0.0,0.0936,0.0,0
01930,0.0045,0.0,0.0475,0.0,1
01933,0.0034,0.0,0.0311,0.0,1
01936,0.0047,0.0,0.0454,0.0,1
01939,0.0051,0.0,0.0656,0.0,1
01941,0.0044,0.0,0.0545,0.0,0
01943,0.0191,0.0,0.1308,0.0,0
01959,0.0071,0.0,0.0769,0.0,0
01960,0.0291,0.0,0.1237,0.0,0
01961,0.0033,0.0,0.0309,0.0,1
01962,0.0138,0.0,0.2164,0.0,0
01964,0.0066,0.0,0.1074,0.0,1
01965,0.0029,0.0,0.0378,0.0,0
01966,0.0051,0.0,0.063,0.0,1
01975,0.0249,0.0,0.1167,0.0,1
01976,0.0029,0.0,0.0829,0.0,1
01977,0.0095,0.0,0.0644,0.0,1
01978,0.0057,0.0,0.0538,0.0,0
01979,0.0031,0.0,0.0252,0.0,1
01983,0.0269,0.0,0.1501,0.0,0
01984,0.0058,0.0,0.0535,0.0,0
01985,0.0034,0.0,0.0424,0.0,1
01987,0.0032,0.0,0.0538,0.0,1
01995,0.0064,0.0,0.0516,0.0,1
01997,0.0062,0.0,0.0466,0.0,1
01998,0.0419,0.0,0.2182,0.0,1
02002,0.0036,0.0,0.0439,0.0,0
02006,0.0072,0.0,0.0583,0.0,0
02009,0.0094,0.0,0.0574,0.0,0
02011,0.0059,0.0,0.0577,0.0,1
02015,0.0026,0.0,0.0277,0.0,1
02019,0.0258,0.0,0.1184,0.0,0
02020,0.0045,0.0,0.0432,0.0,1
02022,0.0056,0.0,0.0372,0.0,1
02023,0.005,0.0,0.0408,0.0,0
02024,0.0019,0.0,0.0296,0.0,1
02025,0.0116,0.0,0.0853,0.0,0
02026,0.0026,0.0,0.1018,0.0,1
02027,0.0055,0.0,0.0816,0.0,1
02028,0.0044,0.0,0.0591,0.0,1
02029,0.0043,0.0,0.035,0.0,1
02032,0.0057,0.0,0.0431,0.0,0
02033,0.004,0.0,0.0429,0.0,1
02034,0.0049,0.0,0.0767,0.0,0
02035,0.0077,0.0,0.0593,0.0,0
02038,0.0031,0.0,0.0354,0.0,1
02043,0.0059,0.0,0.0591,0.0,1
02045,0.0094,0.0,0.1127,0.0,0
02047,0.012,0.0,0.072,0.0,0
02048,0.0063,0.0,0.0569,0.0,0
02051,0.0055,0.0,0.0455,0.0,1
02052,0.0008,0.0,0.1237,0.0,1
02056,0.0232,0.0,0.1649,0.0,1
02058,0.0036,0.0,0.0508,0.0,1
02059,0.0062,0.0,0.0487,0.0,0
02060,0.0162,0.0,0.095,0.0,0
02061,0.0101,0.0,0.0636,0.0,1
02064,0.0038,0.0,0.0386,0.0,0
02065,0.0,0.0,0.0,100.0,1
02077,0.0042,0.0,0.0707,0.0,0
02078,0.0039,0.0,0.0431,0.0,0
02084,0.0047,0.0,0.0506,0.0,1
02085,0.0052,0.0,0.0547,0.0,1
02086,0.0043,0.0,0.0361,0.0,0
02087,0.0079,0.0,0.0539,0.0,0
02090,0.0088,0.0,0.0593,0.0,1
02091,0.0046,0.0,0.072,0.0,1
02092,0.0051,0.0,0.0389,0.0,0
02093,0.0122,0.0,0.0828,0.0,0
02099,0.0071,0.0,0.0868,0.0,0
02102,0.0188,0.0,0.147,0.0,1
02105,0.0046,0.0,0.0352,0.0,0
02106,0.0049,0.0,0.0346,0.0,0
02109,0.0203,0.0,0.151,0.0,0
02112,0.0035,0.0,0.037,0.0,1
02113,0.006,0.0,0.0541,0.0,1
02114,0.0071,0.0,0.0514,0.0,1
02115,0.0057,0.0,0.0618,0.0,1
02117,0.0041,0.0,0.0338,0.0,1
02118,0.0537,0.0,0.2227,0.0,0
02119,0.0053,0.0,0.0955,0.0,0
02123,0.0195,0.0,0.0866,0.0,0
02131,0.0021,0.0,0.0244,0.0,0
02133,0.0045,0.0,0.0418,0.0,1
02136,0.0035,0.0,0.0509,0.0,1
02137,0.0156,0.0,0.1009,0.0,1
02138,0.005,0.0,0.0428,0.0,1
02140,0.0103,0.0,0.0965,0.0,1
02141,0.007,0.0,0.0743,0.0,1
02142,0.0147,0.0,0.1096,0.0,0
02152,0.0032,0.0,0.0533,0.0,0
02154,0.0053,0.0,0.0561,0.0,1
02155,0.011,0.0,0.0712,0.0,0
02156,0.0079,0.0,0.1041,0.0,0
02159,0.0062,0.0,0.0531,0.0,0
02161,0.0065,0.0,0.0553,0.0,0
02162,0.0034,0.0,0.0335,0.0,1
02165,0.003,0.0,0.0858,0.0,1
02166,0.0113,0.0,0.0849,0.0,1
02168,0.0046,0.0,0.035,0.0,0
02170,0.0118,0.0,0.0602,0.0,1
02172,0.0025,0.0,0.0776,0.0,0
02173,0.0125,0.0,0.0853,0.0,1
02174,0.0027,0.0,0.044,0.0,0
02186,0.0036,0.0,0.0534,0.0,1
02187,0.0056,0.0,0.0571,0.0,1
02190,0.0276,0.0,0.1724,0.0,0
02193,0.0083,0.0,0.0656,0.0,1
02194,0.0069,0.0,0.0519,0.0,1
02197,0.0734,0.0,0.3349,0.0,1
02198,0.0513,0.0,0.2167,0.0,0
02203,0.002,0.0,0.0344,0.0,1
02204,0.0195,0.0,0.0826,0.0,1
02206,0.0086,0.0,0.0914,0.0,1
02207,0.0026,0.0,0.0297,0.0,1
02212,0.0133,0.0,0.1143,0.0,1
02213,0.008,0.0,0.058,0.0,1
02216,0.014,0.0,0.0615,0.0,1
02217,0.008,0.0,0.0591,0.0,0
02219,0.0045,0.0,0.0422,0.0,1
02220,0.0039,0.0,0.0521,0.0,1
02223,0.0052,0.0,0.0502,0.0,0
02229,0.0025,0.0,0.0487,0.0,1
02230,0.0137,0.0,0.0994,0.0,0
02232,0.0086,0.0,0.0598,0.0,1
02234,0.0036,0.0,0.0399,0.0,1
02236,0.0675,0.0,0.3129,0.0,0
02237,0.0888,0.0,0.3562,0.0,0
02239,0.0056,0.0,0.0646,0.0,1
02240,0.0041,0.0,0.0474,0.0,1
02241,0.0031,0.0,0.0323,0.0,0
02243,0.0022,0.0,0.0276,0.0,1
02244,0.0036,0.0,0.0341,0.0,0
02249,0.0102,0.0,0.0713,0.0,1
02250,0.0078,0.0,0.0667,0.0,1
02255,0.0554,0.0,0.2244,0.0,1
02257,0.0077,0.0,0.1088,0.0,0
02264,0.0066,0.0,0.0484,0.0,1
02265,0.0034,0.0,0.0462,0.0,0
02266,0.037,0.0,0.2069,0.0,0
02267,0.0402,0.0,0.1914,0.0,0
02269,0.0067,0.0,0.0479,0.0,1
02270,0.0035,0.0,0.0412,0.0,1
02272,0.0243,0.0,0.3382,0.0,1
02275,0.0764,0.0,0.3279,0.0,0
02277,0.0178,0.0,0.1029,0.0,0
02278,0.0084,0.0,0.0549,0.0,0
02279,0.0057,0.0,0.0407,0.0,1
02281,0.0104,0.0,0.0755,0.0,0
02282,0.0091,0.0,0.0641,0.0,1
02292,0.0115,0.0,0.1439,0.0,1
02293,0.0054,0.0,0.0592,0.0,0
02297,0.0029,0.0,0.0331,0.0,1
02298,0.0321,0.0,0.2072,0.0,1
02300,0.0045,0.0,0.047,0.0,0
02301,0.0045,0.0,0.0707,0.0,0
02311,0.0105,0.0,0.0857,0.0,0
02314,0.0074,0.0,0.0663,0.0,0
02319,0.0063,0.0,0.0541,0.0,0
02321,0.0347,0.0,0.1983,0.0,1
02322,0.0235,0.0,0.1396,0.0,0
02324,0.0314,0.0,0.1305,0.0,1
02326,0.0091,0.0,0.0949,0.0,0
02327,0.0249,0.0,0.1073,0.0,1
02328,0.1055,0.0,0.2958,0.0,1
02332,0.126,0.0,0.3918,0.0,1
02334,0.0099,0.0,0.0558,0.0,1
02337,0.0093,0.0,0.0734,0.0,1
02339,0.0189,0.0,0.1185,0.0,0
02342,0.0046,0.0,0.0469,0.0,1
02343,0.0231,0.0,0.1095,0.0,0
02347,0.005,0.0,0.0429,0.0,1
02348,0.0089,0.0,0.0734,0.0,0
02349,0.0068,0.0,0.046,0.0,0
02350,0.0274,0.0,0.1721,0.0,0
02352,0.01,0.0,0.084,0.0,0
02353,0.0082,0.0,0.0463,0.0,0
02355,0.0124,0.0,0.0991,0.0,1
02358,0.0031,0.0,0.049,0.0,1
02359,0.0045,0.0,0.048,0.0,0
02361,0.0061,0.0,0.0464,0.0,1
02362,0.0061,0.0,0.105,0.0,0
02364,0.0316,0.0,0.1701,0.0,1
02365,0.0091,0.0,0.0728,0.0,0
02366,0.02,0.0,0.1377,0.0,1
02367,0.0054,0.0,0.0626,0.0,0
02368,0.0405,0.0,0.2445,0.0,1
02370,0.0272,0.0,0.1509,0.0,0
02371,0.0126,0.0,0.099,0.0,1
02373,0.0037,0.0,0.0357,0.0,0
02375,0.0096,0.0,0.0605,0.0,1
02379,0.0085,0.0,0.0686,0.0,1
02394,0.0047,0.0,0.0482,0.0,1
02412,0.0061,0.0,0.0682,0.0,1
02413,0.0067,0.0,0.0546,0.0,0
02414,0.0434,0.0,0.2102,0.0,0
02415,0.0075,0.0,0.054,0.0,1
02416,0.026,0.0,0.1679,0.0,1
02417,0.011,0.0,0.1136,0.0,0
02418,0.0075,0.0,0.0599,0.0,1
02419,0.0041,0.0,0.0341,0.0,0
02420,0.0069,0.0,0.045,0.0,0
02421,0.0038,0.0,0.0309,0.0,1
02424,0.0087,0.0,0.0738,0.0,0
02426,0.0129,0.0,0.0996,0.0,1
02430,0.0104,0.0,0.1002,0.0,0
02431,0.0203,0.0,0.1273,0.0,1
02432,0.023,0.0,0.2538,0.0,0
02434,0.0132,0.0,0.1102,0.0,1
02435,0.0119,0.0,0.0754,0.0,0
02436,0.015,0.0,0.1061,0.0,1
02439,0.0045,0.0,0.0764,0.0,0
02440,0.0053,0.0,0.0544,0.0,1
02441,0.0025,0.0,0.0615,0.0,0
02442,0.023,0.0,0.1475,0.0,1
02443,0.0206,0.0,0.0902,0.0,1
02445,0.0079,0.0,0.0588,0.0,0
02447,0.0071,0.0,0.0771,0.0,0
02448,0.0035,0.0,0.0495,0.0,1
02450,0.0036,0.0,0.0531,0.0,1
02452,0.0125,0.0,0.0668,0.0,1
02454,0.0099,0.0,0.0777,0.0,1
02455,0.003,0.0,0.0603,0.0,0
02456,0.0085,0.0,0.0557,0.0,1
02457,0.0064,0.0,0.0663,0.0,1
02458,0.0188,0.0,0.0916,0.0,1
02459,0.0021,0.0,0.02,0.0,1
02461,0.003,0.0,0.0308,0.0,1
02462,0.007,0.0,0.0571,0.0,1
02465,0.0068,0.0,0.0542,0.0,1
02467,0.0048,0.0,0.0754,0.0,1
02468,0.0055,0.0,0.0682,0.0,1
02469,0.022,0.0,0.1229,0.0,1
02472,0.1192,0.0,0.4577,0.0,1
02474,0.0096,0.0,0.0604,0.0,1
02478,0.0025,0.0,0.039,0.0,1
02480,0.0044,0.0,0.0413,0.0,1
02510,0.0702,0.0,0.3798,0.0,1
02518,0.0023,0.0,0.0315,0.0,1
02520,0.0547,0.0,0.2199,0.0,1
02521,0.0066,0.0,0.0691,0.0,1
02522,0.0032,0.0,0.0291,0.0,1
02524,0.0047,0.0,0.0539,0.0,0
02525,0.0064,0.0,0.0715,0.0,1
02526,0.0054,0.0,0.0352,0.0,0
02533,0.0061,0.0,0.0559,0.0,0
02534,0.0145,0.0,0.1357,0.0,0
02535,0.0077,0.0,0.071,0.0,0
02536,0.0105,0.0,0.0881,0.0,1
02540,0.0182,0.0,0.1851,0.0,0
02542,0.008,0.0,0.0384,0.0,1
02547,0.0198,0.0,0.1254,0.0,0
02550,0.0147,0.0,0.0789,0.0,0
02551,0.0042,0.0,0.055,0.0,1
02552,0.0082,0.0,0.0742,0.0,0
02553,0.0247,0.0,0.1238,0.0,0
02554,0.0113,0.0,0.1118,0.0,0
02557,0.006,0.0,0.0629,0.0,0
02559,0.0059,0.0,0.0582,0.0,1
02566,0.0091,0.0,0.0618,0.0,1
02567,0.0072,0.0,0.0576,0.0,1
02571,0.0059,0.0,0.0477,0.0,1
02573,0.0116,0.0,0.0757,0.0,0
02575,0.0048,0.0,0.0497,0.0,0
02576,0.0071,0.0,0.0587,0.0,1
02578,0.0085,0.0,0.0788,0.0,1
02581,0.0044,0.0,0.0423,0.0,1
02585,0.004,0.0,0.033,0.0,0
02587,0.0034,0.0,0.0243,0.0,0
02588,0.0315,0.0,0.1421,0.0,1
02590,0.0205,0.0,0.1608,0.0,1
02593,0.0091,0.0,0.0637,0.0,1
02595,0.006,0.0,0.0499,0.0,0
02601,0.008,0.0,0.0611,0.0,0
02610,0.0042,0.0,0.0431,0.0,0
02611,0.0066,0.0,0.0693,0.0,1
02613,0.0023,0.0,0.0244,0.0,0
02615,0.0054,0.0,0.0507,0.0,0
02617,0.0032,0.0,0.0406,0.0,0
02619,0.0075,0.0,0.0593,0.0,1
02622,0.0477,0.0,0.158,0.0,0
02629,0.0069,0.0,0.0515,0.0,1
02632,0.0169,0.0,0.131,0.0,0
02634,0.006,0.0,0.0687,0.0,1
02649,0.098,0.0,0.2848,0.0,1
02650,0.0092,0.0,0.0779,0.0,1
02663,0.0111,0.0,0.0718,0.0,0
02666,0.0043,0.0,0.0495,0.0,1
02669,0.007,0.0,0.0588,0.0,0
02673,0.0111,0.0,0.0709,0.0,1
02681,0.005,0.0,0.051,0.0,0
02689,0.0093,0.0,0.0661,0.0,1
02690,0.0116,0.0,0.0932,0.0,1
02700,0.0045,0.0,0.0531,0.0,0
02705,0.0079,0.0,0.0549,0.0,1
02709,0.0469,0.0,0.1502,0.0,0
02713,0.0071,0.0,0.0608,0.0,1
02718,0.0074,0.0,0.0697,0.0,1
02721,0.0205,0.0,0.122,0.0,1
02722,0.0127,0.0,0.1034,0.0,0
02723,0.0068,0.0,0.0676,0.0,1
02725,0.0143,0.0,0.092,0.0,1
02729,0.0306,0.0,0.2088,0.0,0
02730,0.0092,0.0,0.0703,0.0,1
02731,0.0373,0.0,0.152,0.0,0
02732,0.0056,0.0,0.042,0.0,1
02734,0.052,0.0,0.203,0.0,1
02736,0.0171,0.0,0.1309,0.0,1
02737,0.0047,0.0,0.0468,0.0,0
02739,0.0094,0.0,0.1029,0.0,0
02740,0.01,0.0,0.0674,0.0,1
02741,0.0159,0.0,0.0925,0.0,0
02749,0.0042,0.0,0.0439,0.0,0
02755,0.0049,0.0,0.0665,0.0,0
02756,0.0075,0.0,0.0567,0.0,0
02758,0.0182,0.0,0.1467,0.0,0
02760,0.0195,0.0,0.117,0.0,0
02761,0.0097,0.0,0.0914,0.0,1
02762,0.0124,0.0,0.06,0.0,1
02763,0.0044,0.0,0.0383,0.0,1
02764,0.0069,0.0,0.0698,0.0,1
02847,0.0047,0.0,0.0598,0.0,1
02851,0.0054,0.0,0.0498,0.0,0
02852,0.0329,0.0,0.1606,0.0,0
02854,0.0049,0.0,0.0411,0.0,1
02857,0.0077,0.0,0.1803,0.0,0
02868,0.0362,0.0,0.1832,0.0,1
02869,0.0045,0.0,0.0397,0.0,1
02872,0.0063,0.0,0.0825,0.0,0
02873,0.0053,0.0,0.0934,0.0,0
02874,0.0197,0.0,0.1274,0.0,0
02876,0.019,0.0,0.0976,0.0,1
02877,0.0119,0.0,0.089,0.0,1
02878,0.0097,0.0,0.0665,0.0,0
02879,0.0053,0.0,0.0419,0.0,0
02880,0.0162,0.0,0.1372,0.0,1
02882,0.0077,0.0,0.0548,0.0,1
02883,0.0056,0.0,0.0416,0.0,1
02885,0.0075,0.0,0.0422,0.0,1
02888,0.0059,0.0,0.0677,0.0,1
02898,0.0065,0.0,0.0849,0.0,1
02899,0.0022,0.0,0.0447,0.0,1
02902,0.0076,0.0,0.0551,0.0,0
02908,0.0069,0.0,0.0655,0.0,0
02911,0.0055,0.0,0.0614,0.0,0
02919,0.0278,0.0,0.1455,0.0,1
02920,0.0121,0.0,0.0859,0.0,1
02921,0.0444,0.0,0.415,0.0,0
02922,0.0882,0.0,0.3563,0.0,1
02924,0.0052,0.0,0.0397,0.0,0
02925,0.0233,0.0,0.1512,0.0,0
02928,0.0207,0.0,0.118,0.0,1
02938,0.0092,0.0,0.0899,0.0,0
02941,0.0093,0.0,0.0765,0.0,1
02942,0.0046,0.0,0.0424,0.0,0
02944,0.0047,0.0,0.0602,0.0,1
02945,0.0075,0.0,0.0644,0.0,0
02954,0.0042,0.0,0.0452,0.0,1
02955,0.0058,0.0,0.0595,0.0,1
02956,0.0634,0.0,0.3778,0.0,1
02960,0.0172,0.0,0.1007,0.0,1
02961,0.0048,0.0,0.0439,0.0,1
02964,0.0037,0.0,0.0653,0.0,1
02966,0.0039,0.0,0.0416,0.0,1
02967,0.0063,0.0,0.0824,0.0,0
02976,0.0065,0.0,0.0602,0.0,0
02977,0.0065,0.0,0.0491,0.0,1
02978,0.0083,0.0,0.0915,0.0,1
02979,0.0029,0.0,0.04,0.0,1
02980,0.0074,0.0,0.0684,0.0,0
02984,0.0063,0.0,0.0647,0.0,1
02985,0.0075,0.0,0.0446,0.0,1
02986,0.0284,0.0,0.1632,0.0,1
02987,0.0075,0.0,0.071,0.0,0
02988,0.007,0.0,0.0863,0.0,0
02989,0.1197,0.0,0.8419,0.0,1
02991,0.0072,0.0,0.0666,0.0,1
02997,0.0238,0.0,0.1748,0.0,1
02998,0.0729,0.0,0.3991,0.0,0
03003,0.0251,0.0,0.1236,0.0,0
03004,0.0021,0.0,0.04,0.0,0
03006,0.0041,0.0,0.0289,0.0,0
03007,0.0058,0.0,0.0619,0.0,1
03009,0.0076,0.0,0.0474,0.0,0
03011,0.0028,0.0,0.0277,0.0,1
03012,0.0082,0.0,0.0592,0.0,1
03013,0.0078,0.0,0.071,0.0,0
03014,0.0988,0.0,0.2953,0.0,1
03023,0.1934,0.0,0.5324,0.0,1
03024,0.0075,0.0,0.052,0.0,1
03026,0.0857,0.0,0.3517,0.0,0
03027,0.0141,0.0,0.0889,0.0,1
03037,0.0107,0.0,0.0958,0.0,1
03039,0.0046,0.0,0.0427,0.0,0
03042,0.0032,0.0,0.0588,0.0,1
03043,0.004,0.0,0.0512,0.0,1
03051,0.0268,0.0,0.1177,0.0,1
03057,0.0175,0.0,0.1346,0.0,1
03059,0.0181,0.0,0.1088,0.0,1
03060,0.0151,0.0,0.129,0.0,1
03064,0.0748,0.0,0.3806,0.0,1
03065,0.028,0.0,0.1684,0.0,1
03079,0.0071,0.0,0.0608,0.0,1
03089,0.0049,0.0,0.0682,0.0,1
03093,0.0074,0.0,0.0583,0.0,1
03102,0.0768,0.0,0.6252,0.0,1
03107,0.053,0.0,0.2864,0.0,1
03116,0.0133,0.0,0.0917,0.0,0
03117,0.0384,0.0,0.1608,0.0,0
03122,0.0116,0.0,0.0932,0.0,1
03125,0.0228,0.0,0.1559,0.0,0
03126,0.0064,0.0,0.0636,0.0,0
03130,0.0045,0.0,0.0451,0.0,1
03133,0.0054,0.0,0.0453,0.0,0
03134,0.0077,0.0,0.0674,0.0,0
03137,0.0079,0.0,0.0604,0.0,0
03139,0.027,0.0,0.2122,0.0,0
03140,0.0044,0.0,0.0324,0.0,0
03160,0.0041,0.0,0.0275,0.0,0
03163,0.0191,0.0,0.1366,0.0,1
03172,0.007,0.0,0.0622,0.0,0
03174,0.0079,0.0,0.0961,0.0,0
03177,0.0047,0.0,0.0763,0.0,0
03178,0.0109,0.0,0.0888,0.0,0
03179,0.0079,0.0,0.0575,0.0,0
03180,0.0086,0.0,0.095,0.0,1
03183,0.0047,0.0,0.0489,0.0,1
03185,0.0026,0.0,0.0576,0.0,1
03188,0.0135,0.0,0.0681,0.0,1
03189,0.011,0.0,0.1085,0.0,1
03190,0.0059,0.0,0.0528,0.0,1
03192,0.0196,0.0,0.1355,0.0,0
03193,0.0049,0.0,0.0497,0.0,1
03197,0.0091,0.0,0.0907,0.0,0
03199,0.0109,0.0,0.0856,0.0,0
03200,0.0109,0.0,0.0661,0.0,0
03202,0.0172,0.0,0.143,0.0,0
03205,0.0069,0.0,0.0572,0.0,0
03206,0.0031,0.0,0.0326,0.0,0
03211,0.0068,0.0,0.084,0.0,0
03212,0.0049,0.0,0.0581,0.0,0
03214,0.0032,0.0,0.0329,0.0,1
03216,0.0061,0.0,0.0452,0.0,1
03218,0.008,0.0,0.06,0.0,0
03219,0.0071,0.0,0.0675,0.0,0
03222,0.0052,0.0,0.0364,0.0,0
03223,0.012,0.0,0.0899,0.0,1
03224,0.0115,0.0,0.1329,0.0,0
03225,0.0059,0.0,0.0422,0.0,1
03231,0.0039,0.0,0.0535,0.0,0
03232,0.0099,0.0,0.1295,0.0,0
03239,0.0039,0.0,0.0563,0.0,0
03246,0.0081,0.0,0.0742,0.0,0
03247,0.0207,0.0,0.1432,0.0,0
03248,0.0856,0.0,0.2641,0.0,0
03251,0.0116,0.0,0.098,0.0,0
03253,0.0041,0.0,0.0431,0.0,1
03255,0.0057,0.0,0.0666,0.0,0
03258,0.0039,0.0,0.0533,0.0,1
03259,0.0061,0.0,0.0787,0.0,0
03263,0.0056,0.0,0.046,0.0,1
03265,0.0043,0.0,0.0405,0.0,0
03266,0.0058,0.0,0.0545,0.0,0
03270,0.0211,0.0,0.0983,0.0,0
03273,0.0144,0.0,0.0927,0.0,0
03275,0.0137,0.0,0.0722,0.0,1
03277,0.0395,0.0,0.2338,0.0,0
03278,0.0039,0.0,0.0401,0.0,1
03282,0.0098,0.0,0.0806,0.0,1
03283,0.0049,0.0,0.0407,0.0,1
03302,0.0115,0.0,0.0744,0.0,0
03303,0.0099,0.0,0.0874,0.0,0
03304,0.01,0.0,0.0791,0.0,0
03307,0.0048,0.0,0.0485,0.0,1
03312,0.0052,0.0,0.054,0.0,0
03314,0.0064,0.0,0.0813,0.0,1
03315,0.0347,0.0,0.2463,0.0,1
03324,0.0338,0.0,0.1252,0.0,1
03326,0.0063,0.0,0.0571,0.0,1
03327,0.0077,0.0,0.0901,0.0,0
03328,0.0069,0.0,0.0693,0.0,0
03332,0.0106,0.0,0.0947,0.0,0
03336,0.0092,0.0,0.0636,0.0,1
03340,0.0072,0.0,0.0887,0.0,1
03342,0.0071,0.0,0.0706,0.0,0
03343,0.0042,0.0,0.0264,0.0,1
03344,0.0051,0.0,0.0403,0.0,1
03348,0.0053,0.0,0.0455,0.0,1
03349,0.0121,0.0,0.0994,0.0,1
03351,0.0036,0.0,0.0515,0.0,1
03352,0.0172,0.0,0.0964,0.0,0
03354,0.0055,0.0,0.0589,0.0,0
03358,0.0094,0.0,0.0734,0.0,1
03359,0.01,0.0,0.0588,0.0,1
03360,0.006,0.0,0.049,0.0,0
03361,0.0072,0.0,0.0469,0.0,1
03366,0.0203,0.0,0.1208,0.0,1
03367,0.0107,0.0,0.0917,0.0,0
03371,0.0116,0.0,0.0802,0.0,1
03374,0.0081,0.0,0.0644,0.0,1
03375,0.0053,0.0,0.0451,0.0,0
03377,0.004,0.0,0.039,0.0,1
03378,0.0077,0.0,0.0614,0.0,1
03379,0.0841,0.0,0.4849,0.0,0
03380,0.0095,0.0,0.0494,0.0,0
03381,0.0388,0.0,0.2293,0.0,1
03382,0.0086,0.0,0.0765,0.0,1
03384,0.0038,0.0,0.0629,0.0,1
03389,0.0534,0.0,0.3345,0.0,1
03397,0.0069,0.0,0.0673,0.0,1
03403,0.0185,0.0,0.1424,0.0,1
03404,0.0201,0.0,0.0923,0.0,1
03406,0.0049,0.0,0.0405,0.0,0
03412,0.011,0.0,0.0942,0.0,0
03413,0.0369,0.0,0.1837,0.0,1
03425,0.0033,0.0,0.026,0.0,1
03431,0.0164,0.0,0.1157,0.0,0
03432,0.007,0.0,0.0455,0.0,0
03435,0.0547,0.0,0.225,0.0,0
03442,0.0239,0.0,0.1354,0.0,1
03450,0.0254,0.0,0.136,0.0,1
03451,0.0396,0.0,0.2132,0.0,1
03453,0.0097,0.0,0.0889,0.0,0
03454,0.0099,0.0,0.0635,0.0,0
03456,0.0044,0.0,0.0546,0.0,0
03463,0.1476,0.0,0.6215,0.0,1
03465,0.0076,0.0,0.0869,0.0,1
03466,0.0124,0.0,0.0862,0.0,0
03467,0.0067,0.0,0.0522,0.0,1
03469,0.0048,0.0,0.0527,0.0,1
03473,0.0518,0.0,0.2723,0.0,1
03474,0.0139,0.0,0.4057,0.0,0
03491,0.0056,0.0,0.0573,0.0,1
03492,0.0088,0.0,0.0629,0.0,1
03495,0.0217,0.0,0.084,0.0,1
03498,0.0166,0.0,0.092,0.0,0
03501,0.0089,0.0,0.0614,0.0,1
03502,0.0665,0.0,0.3422,0.0,0
03523,0.0039,0.0,0.0339,0.0,0
