Sample,Mean_vel,Min_vel,Max_vel,Screen_time_off_percent
02765,0.0084,0.0000,0.0714,100.0000
02772,0.0288,0.0000,0.1447,100.0000
02773,0.0091,0.0000,0.0591,100.0000
02774,0.0072,0.0000,0.1003,100.0000
02776,0.0063,0.0000,0.0515,100.0000
02780,0.0080,0.0000,0.0876,100.0000
02781,0.0063,0.0000,0.0813,100.0000
02785,0.0107,0.0000,0.0739,100.0000
02797,0.0228,0.0000,0.1043,100.0000
02805,0.0123,0.0000,0.2065,100.0000
02818,0.0221,0.0000,0.1540,100.0000
02819,0.0114,0.0000,0.0845,100.0000
02827,0.0091,0.0000,0.0528,100.0000
02829,0.0103,0.0000,0.1454,100.0000
02832,0.0041,0.0000,0.0334,100.0000
02833,0.0061,0.0000,0.0469,100.0000
02837,0.0073,0.0000,0.0812,100.0000
02840,0.0062,0.0000,0.0443,100.0000
02841,0.0228,0.0000,0.1362,100.0000
02843,0.0101,0.0000,0.0602,100.0000
02846,0.0062,0.0000,0.0486,100.0000
00002,0.1410,0.0000,0.7396,100.0000
00003,0.1079,0.0000,0.4456,100.0000
00005,0.7668,0.0000,1.9581,100.0000
00006,0.0642,0.0000,0.4396,100.0000
00010,0.0024,0.0000,0.0219,100.0000
00024,0.0927,0.0000,0.4814,100.0000
00028,0.0094,0.0000,0.0605,100.0000
00033,0.0088,0.0000,0.0670,100.0000
00034,0.0128,0.0000,0.0816,100.0000
00087,0.1237,0.0000,0.5569,100.0000
00089,0.3351,0.0000,1.5435,100.0000
00097,0.0407,0.0000,0.1878,100.0000
00098,0.0108,0.0000,0.1156,100.0000
00099,0.0068,0.0000,0.0751,100.0000
00102,0.0219,0.0000,0.1019,100.0000
00103,0.0538,0.0000,0.2569,100.0000
00104,0.0058,0.0000,0.0638,100.0000
00110,0.0160,0.0000,0.1344,100.0000
00114,0.0007,0.0000,0.1363,100.0000
00117,0.0047,0.0000,0.0289,100.0000
00120,0.0089,0.0000,0.0651,100.0000
00121,0.0045,0.0000,0.0416,100.0000
00122,0.0099,0.0000,0.0964,100.0000
00123,0.0061,0.0000,0.0443,100.0000
00124,0.0066,0.0000,0.0432,100.0000
00126,0.0048,0.0000,0.0535,100.0000
00127,0.0243,0.0000,0.2015,100.0000
00128,0.0063,0.0000,0.0709,100.0000
00130,0.0055,0.0000,0.0443,100.0000
00132,0.0154,0.0000,0.1094,100.0000
00133,0.0029,0.0000,0.0751,100.0000
00135,0.0026,0.0000,0.0390,100.0000
00137,0.0083,0.0000,0.0542,100.0000
00138,0.0087,0.0000,0.0699,100.0000
00139,0.0058,0.0000,0.0720,100.0000
00140,0.0140,0.0000,0.1323,100.0000
00141,0.0056,0.0000,0.0349,100.0000
00142,0.0060,0.0000,0.0484,100.0000
00143,0.0134,0.0000,0.0897,100.0000
00144,0.0202,0.0000,0.1255,100.0000
00145,0.0076,0.0000,0.0815,100.0000
00146,0.0134,0.0000,0.0983,100.0000
00148,0.0078,0.0000,0.1176,100.0000
00149,0.0030,0.0000,0.0880,100.0000
00150,0.0054,0.0000,0.0701,100.0000
00153,0.0080,0.0000,0.0632,100.0000
00154,0.0063,0.0000,0.0619,100.0000
00156,0.0046,0.0000,0.0471,100.0000
00162,0.0184,0.0000,0.0806,100.0000
00164,0.0051,0.0000,0.0647,100.0000
00165,0.0213,0.0000,0.1200,100.0000
00173,0.0208,0.0000,0.1536,100.0000
00178,0.0124,0.0000,0.0883,100.0000
00179,0.0072,0.0000,0.0452,100.0000
00190,0.0232,0.0000,0.3553,100.0000
00191,0.0137,0.0000,0.0875,100.0000
00192,0.0050,0.0000,0.0401,100.0000
00194,0.0045,0.0000,0.0638,100.0000
00198,0.0046,0.0000,0.0381,100.0000
00200,0.0134,0.0000,0.0996,100.0000
00202,0.0098,0.0000,0.0577,100.0000
00207,0.0095,0.0000,0.0531,100.0000
00208,0.0036,0.0000,0.0782,100.0000
00209,0.0082,0.0000,0.0581,100.0000
00210,0.0068,0.0000,0.0825,100.0000
00211,0.0098,0.0000,0.0909,100.0000
00212,0.0118,0.0000,0.0572,100.0000
00213,0.0078,0.0000,0.0837,100.0000
00214,0.0227,0.0000,0.2117,100.0000
00218,0.0263,0.0000,0.1585,100.0000
00220,0.0202,0.0000,0.1815,100.0000
00221,0.0079,0.0000,0.0736,100.0000
00222,0.0047,0.0000,0.0557,100.0000
00224,0.0197,0.0000,0.1110,100.0000
00225,0.0054,0.0000,0.0860,100.0000
00226,0.0179,0.0000,0.0760,100.0000
00227,0.0080,0.0000,0.1220,100.0000
00228,0.0073,0.0000,0.0600,100.0000
00229,0.4713,0.0000,1.6539,100.0000
00232,0.0299,0.0000,0.2119,100.0000
00233,0.0164,0.0000,0.1422,100.0000
00234,0.0378,0.0000,0.2270,100.0000
00236,0.0058,0.0000,0.0586,100.0000
00237,0.0069,0.0000,0.0868,100.0000
00238,0.0210,0.0000,0.2141,100.0000
00239,0.0036,0.0000,0.0349,100.0000
00240,0.0064,0.0000,0.0528,100.0000
00241,0.0126,0.0000,0.0979,100.0000
00243,0.0913,0.0000,0.5659,100.0000
00245,0.0250,0.0000,0.1599,100.0000
00247,0.0028,0.0000,0.0315,100.0000
00249,0.0063,0.0000,0.0416,100.0000
00251,0.0030,0.0000,0.0324,100.0000
00252,0.0025,0.0000,0.0240,100.0000
00258,0.0717,0.0000,0.3498,100.0000
00266,1.9225,0.2048,4.6808,100.0000
00267,0.0086,0.0000,0.0799,100.0000
00268,0.0051,0.0000,0.0630,100.0000
00269,0.0036,0.0000,0.0316,100.0000
00273,0.0035,0.0000,0.0345,100.0000
00274,0.0077,0.0000,0.0620,100.0000
00285,0.0047,0.0000,0.0532,100.0000
00288,0.0031,0.0000,0.0368,100.0000
00289,0.1155,0.0000,0.5226,100.0000
00295,0.8751,0.0840,4.2379,100.0000
00296,0.0139,0.0000,0.1556,100.0000
00299,0.0044,0.0000,0.0662,100.0000
00300,0.0047,0.0000,0.0376,100.0000
00303,0.3945,0.0000,1.0777,100.0000
00304,0.0096,0.0000,0.0501,100.0000
00305,0.0052,0.0000,0.0361,100.0000
00307,0.2016,0.0000,1.3140,100.0000
00309,0.0049,0.0000,0.0534,100.0000
00310,0.0430,0.0000,0.2058,100.0000
00311,0.4230,0.0000,1.7111,100.0000
00312,0.0142,0.0000,0.1072,100.0000
00317,0.1056,0.0000,0.6534,100.0000
00319,0.0045,0.0000,0.0477,100.0000
00322,0.0075,0.0000,0.0555,100.0000
00324,0.0078,0.0000,0.0738,100.0000
00325,0.0047,0.0000,0.0718,100.0000
00326,0.0033,0.0000,0.0369,100.0000
00330,0.0113,0.0000,0.0827,100.0000
00331,0.0397,0.0000,0.4055,100.0000
00332,0.0212,0.0000,0.1425,100.0000
00339,0.5022,0.0000,2.9253,100.0000
00342,0.0252,0.0000,0.1182,100.0000
00343,0.0119,0.0000,0.0684,100.0000
00351,0.0061,0.0000,0.0462,100.0000
00354,0.1733,0.0000,0.5691,100.0000
00355,0.0413,0.0000,0.2057,100.0000
00356,0.0037,0.0000,0.0390,100.0000
00357,0.0056,0.0000,0.0472,100.0000
00358,0.0029,0.0000,0.0471,100.0000
00359,0.0147,0.0000,0.1101,100.0000
00363,0.0042,0.0000,0.0302,100.0000
00376,0.0053,0.0000,0.0348,100.0000
00377,0.0051,0.0000,0.0662,100.0000
00382,0.0032,0.0000,0.0312,100.0000
00383,0.0510,0.0000,0.9133,100.0000
00459,0.0308,0.0000,0.1511,100.0000
00460,0.0591,0.0000,0.3034,100.0000
00463,0.0085,0.0000,0.0930,100.0000
00465,0.0881,0.0000,0.3378,100.0000
00466,0.0367,0.0000,0.2396,100.0000
00467,0.1391,0.0000,0.9184,100.0000
00469,0.0234,0.0000,0.1597,100.0000
00471,0.0048,0.0000,0.0489,100.0000
00472,0.0049,0.0000,0.0559,100.0000
00473,0.0696,0.0000,0.2482,100.0000
00475,0.0460,0.0000,0.5575,100.0000
00477,0.0027,0.0000,0.0198,100.0000
00480,0.0042,0.0000,0.0422,100.0000
00481,0.0090,0.0000,0.0614,100.0000
00487,0.0209,0.0000,0.1017,100.0000
00488,0.0068,0.0000,0.0483,100.0000
00491,0.0233,0.0000,0.3352,100.0000
00492,0.0724,0.0000,0.2563,100.0000
00493,0.0086,0.0000,0.0869,100.0000
00494,0.0062,0.0000,0.0491,100.0000
00495,0.0074,0.0000,0.0791,100.0000
00496,0.0039,0.0000,0.1469,100.0000
00499,0.0183,0.0000,0.1067,100.0000
00500,0.0200,0.0000,0.1073,100.0000
00501,0.0217,0.0000,0.1856,100.0000
00503,0.0040,0.0000,0.0374,100.0000
00505,0.0084,0.0000,0.0923,100.0000
00507,0.0062,0.0000,0.0626,100.0000
00509,0.0033,0.0000,0.0356,100.0000
00510,0.0013,0.0000,0.0654,100.0000
00511,0.0564,0.0000,0.4622,100.0000
00512,0.0221,0.0000,0.1523,100.0000
00513,0.0059,0.0000,0.0338,100.0000
00514,0.0063,0.0000,0.0762,100.0000
00518,0.0255,0.0000,0.1824,100.0000
00519,0.0002,0.0000,0.0431,100.0000
00520,0.0070,0.0000,0.0395,100.0000
00521,0.0159,0.0000,0.0769,100.0000
00522,0.0002,0.0000,0.0519,100.0000
00525,0.0171,0.0000,0.1163,100.0000
00531,0.0210,0.0000,0.1330,100.0000
00533,0.0251,0.0000,0.2923,100.0000
00534,0.0038,0.0000,0.0465,100.0000
00535,0.0051,0.0000,0.0539,100.0000
00539,0.0105,0.0000,0.1186,100.0000
00540,0.0078,0.0000,0.0750,100.0000
00542,0.1117,0.0000,0.4473,100.0000
00544,0.1000,0.0000,0.4046,100.0000
00545,0.0259,0.0000,0.1318,100.0000
00546,0.0031,0.0000,0.0313,100.0000
00547,0.0068,0.0000,0.0668,100.0000
00548,0.0069,0.0000,0.0515,100.0000
00549,0.0218,0.0000,0.1417,100.0000
00550,0.0092,0.0000,0.0593,100.0000
00553,0.0145,0.0000,0.1261,100.0000
00554,0.0181,0.0000,0.1299,100.0000
00555,0.0090,0.0000,0.0538,100.0000
00560,0.0110,0.0000,0.1072,100.0000
00562,0.0081,0.0000,0.0880,100.0000
00563,0.0066,0.0000,0.0623,100.0000
00565,0.0079,0.0000,0.0779,100.0000
00566,0.0061,0.0000,0.0460,100.0000
00569,0.0052,0.0000,0.0955,100.0000
00572,0.0104,0.0000,0.0696,100.0000
00574,0.0051,0.0000,0.0491,100.0000
00575,0.0099,0.0000,0.0731,100.0000
00578,0.1618,0.0000,0.7580,100.0000
00580,0.0039,0.0000,0.0440,100.0000
00581,0.0081,0.0000,0.0880,100.0000
00584,0.0880,0.0000,0.5030,100.0000
00585,0.0175,0.0000,0.1101,100.0000
00588,0.0094,0.0000,0.0718,100.0000
00590,0.0616,0.0000,0.5172,100.0000
00595,0.0073,0.0000,0.0654,100.0000
00597,0.0068,0.0000,0.0984,100.0000
00599,0.0200,0.0000,0.1345,100.0000
00600,0.0057,0.0000,0.0541,100.0000
00601,0.0071,0.0000,0.0851,100.0000
00602,0.0085,0.0000,0.0555,100.0000
00605,0.0085,0.0000,0.0699,100.0000
00606,0.0071,0.0000,0.0659,100.0000
00607,0.0066,0.0000,0.0588,100.0000
00610,0.0067,0.0000,0.0519,100.0000
00611,0.0084,0.0000,0.0560,100.0000
00613,0.0161,0.0000,0.1248,100.0000
00616,0.0065,0.0000,0.0597,100.0000
00617,0.1454,0.0000,0.5446,100.0000
00618,0.0188,0.0000,0.1204,100.0000
00619,0.0052,0.0000,0.0601,100.0000
00621,0.0817,0.0000,0.5848,100.0000
00622,0.0272,0.0000,0.1642,100.0000
00623,0.0021,0.0000,0.0407,100.0000
00624,0.0086,0.0000,0.1065,100.0000
00626,0.0077,0.0000,0.0641,100.0000
00627,0.1184,0.0000,0.9697,100.0000
00632,0.1027,0.0000,0.5520,100.0000
00633,0.5297,0.0803,1.4703,100.0000
00634,0.0936,0.0000,0.3396,100.0000
00636,0.0155,0.0000,0.1300,100.0000
00638,0.0428,0.0000,0.5301,100.0000
00641,0.0046,0.0000,0.0505,100.0000
00642,0.0169,0.0000,0.1012,100.0000
00643,0.0277,0.0000,0.2685,100.0000
00644,0.0108,0.0000,0.0790,100.0000
00645,0.0516,0.0000,0.3651,100.0000
00646,0.0072,0.0000,0.0590,100.0000
00649,0.0440,0.0000,0.1774,100.0000
00650,0.0070,0.0000,0.0975,100.0000
00653,0.0047,0.0000,0.0463,100.0000
00654,0.0064,0.0000,0.0615,100.0000
00658,0.0432,0.0000,0.2635,100.0000
00661,0.0261,0.0000,0.1093,100.0000
00663,0.0448,0.0000,0.3530,100.0000
00666,0.0246,0.0000,0.2799,100.0000
00667,0.0061,0.0000,0.0662,100.0000
00668,0.0051,0.0000,0.0460,100.0000
00669,0.0073,0.0000,0.0484,100.0000
00670,0.0806,0.0000,0.3904,100.0000
00672,0.0162,0.0000,0.0918,100.0000
00675,0.2192,0.0000,0.7209,100.0000
00676,0.0164,0.0000,0.1579,100.0000
00677,0.0234,0.0000,0.1828,100.0000
00678,0.0059,0.0000,0.0882,100.0000
00679,0.0043,0.0000,0.0441,100.0000
00680,0.0073,0.0000,0.1141,100.0000
00682,0.0085,0.0000,0.0994,100.0000
00683,0.0090,0.0000,0.0831,100.0000
00686,0.0204,0.0000,0.1677,100.0000
00687,0.0635,0.0000,0.2614,100.0000
00688,0.0189,0.0000,0.1135,100.0000
00690,0.0338,0.0000,0.1379,100.0000
00691,0.0039,0.0000,0.0456,100.0000
00693,0.1698,0.0000,1.0205,100.0000
00694,0.0195,0.0000,0.1145,100.0000
00695,0.0159,0.0000,0.1066,100.0000
00696,0.0073,0.0000,0.0632,100.0000
00699,0.1180,0.0000,0.4864,100.0000
00700,0.0045,0.0000,0.0723,100.0000
00704,0.0061,0.0000,0.0784,100.0000
00706,0.0064,0.0000,0.0511,100.0000
00707,0.0444,0.0000,0.1903,100.0000
00710,0.0091,0.0000,0.0979,100.0000
00711,0.0502,0.0000,0.2833,100.0000
00712,0.0067,0.0000,0.0681,100.0000
00714,0.0046,0.0000,0.0264,100.0000
00716,0.0752,0.0000,0.6207,100.0000
00718,0.0072,0.0000,0.0544,100.0000
00719,0.0019,0.0000,0.0246,100.0000
00721,0.0123,0.0000,0.0972,100.0000
00722,0.0105,0.0000,0.0736,100.0000
00728,0.0510,0.0000,0.4595,100.0000
00729,0.0148,0.0000,0.1258,100.0000
00730,0.0211,0.0000,0.1338,100.0000
00731,0.0233,0.0000,0.1449,100.0000
00732,0.0042,0.0000,0.0516,100.0000
00733,0.0211,0.0000,0.2362,100.0000
00737,0.0075,0.0000,0.0565,100.0000
00740,0.0030,0.0000,0.0367,100.0000
00741,0.0031,0.0000,0.0328,100.0000
00742,0.0503,0.0000,0.3305,100.0000
00743,0.0107,0.0000,0.0709,100.0000
00745,0.0792,0.0000,0.4946,100.0000
00746,0.0111,0.0000,0.1077,100.0000
00747,0.0076,0.0000,0.0548,100.0000
00748,0.0058,0.0000,0.0471,100.0000
00749,0.0611,0.0000,0.2355,100.0000
00750,0.0051,0.0000,0.0526,100.0000
00752,0.0255,0.0000,0.1814,100.0000
00753,0.0110,0.0000,0.0890,100.0000
00755,0.0196,0.0000,0.1739,100.0000
00756,0.0545,0.0000,0.4597,100.0000
00757,0.0064,0.0000,0.0574,100.0000
00764,0.0270,0.0000,0.1209,100.0000
00765,0.0294,0.0000,0.2332,100.0000
00767,0.0067,0.0000,0.0562,100.0000
00771,0.0172,0.0000,0.1072,100.0000
00772,0.0063,0.0000,0.0618,100.0000
00773,0.0215,0.0000,0.1233,100.0000
00774,0.1823,0.0000,0.9816,100.0000
00775,0.0077,0.0000,0.0593,100.0000
00776,0.0059,0.0000,0.0579,100.0000
00777,0.0257,0.0000,0.1166,100.0000
00779,0.0058,0.0000,0.0531,100.0000
00789,0.0058,0.0000,0.0786,100.0000
00790,0.0096,0.0000,0.0680,100.0000
00791,0.0580,0.0000,0.4242,100.0000
00795,0.0116,0.0000,0.0816,100.0000
00796,0.0025,0.0000,0.0284,100.0000
00798,0.0128,0.0000,0.3734,100.0000
00801,0.0389,0.0000,0.2194,100.0000
00802,0.0089,0.0000,0.0596,100.0000
00803,0.0240,0.0000,0.4614,100.0000
00804,0.0015,0.0000,0.0233,100.0000
00806,0.0044,0.0000,0.0407,100.0000
00807,0.0652,0.0000,0.4393,100.0000
00808,0.0049,0.0000,0.0765,100.0000
00810,0.0176,0.0000,0.1786,100.0000
00811,0.0074,0.0000,0.0604,100.0000
00812,0.0066,0.0000,0.0596,100.0000
00814,0.0102,0.0000,0.1001,100.0000
00818,0.0233,0.0000,0.1733,100.0000
00819,0.1350,0.0000,0.7755,100.0000
00820,0.0273,0.0000,0.1686,100.0000
00821,0.0058,0.0000,0.0556,100.0000
00823,0.0119,0.0000,0.0767,100.0000
00825,0.2128,0.0000,0.8224,100.0000
00827,0.0352,0.0000,0.2137,100.0000
00828,0.1053,0.0000,0.4026,100.0000
00831,0.0081,0.0000,0.0673,100.0000
00832,0.0540,0.0000,0.4682,100.0000
00833,0.0105,0.0000,0.0874,100.0000
00835,0.0022,0.0000,0.0256,100.0000
00837,0.0041,0.0000,0.0460,100.0000
00840,0.0046,0.0000,0.0475,100.0000
00841,0.1543,0.0000,0.7150,100.0000
00842,0.0260,0.0000,0.1751,100.0000
00849,0.0727,0.0000,0.3516,100.0000
00850,0.0217,0.0000,0.1225,100.0000
00851,0.0137,0.0000,0.0767,100.0000
00852,0.0066,0.0000,0.0584,100.0000
00853,0.0241,0.0000,0.1814,100.0000
00855,0.0097,0.0000,0.0738,100.0000
00859,0.0042,0.0000,0.0428,100.0000
00861,0.0133,0.0000,0.0605,100.0000
00864,0.0055,0.0000,0.0914,100.0000
00865,0.0100,0.0000,0.0625,100.0000
00868,0.0086,0.0000,0.0679,100.0000
00869,0.0084,0.0000,0.0741,100.0000
00872,0.0158,0.0000,0.1795,100.0000
00873,0.0346,0.0000,0.2588,100.0000
00874,0.0059,0.0000,0.0508,100.0000
00875,0.0195,0.0000,0.1266,100.0000
00876,0.0320,0.0000,0.1295,100.0000
00878,0.0058,0.0000,0.0462,100.0000
00880,0.0065,0.0000,0.0491,100.0000
00881,0.0084,0.0000,0.0696,100.0000
00882,0.0070,0.0000,0.0651,100.0000
00886,0.0681,0.0000,0.7833,100.0000
00888,0.0064,0.0000,0.0689,100.0000
00889,0.0256,0.0000,0.2365,100.0000
00890,0.0281,0.0000,0.0956,100.0000
00891,0.0227,0.0000,0.2037,100.0000
00892,0.0077,0.0000,0.0566,100.0000
00894,0.0269,0.0000,0.1695,100.0000
00896,0.0073,0.0000,0.0659,100.0000
00897,0.0226,0.0000,0.1024,100.0000
00898,0.0115,0.0000,0.0884,100.0000
00899,0.0076,0.0000,0.0788,100.0000
00900,0.0055,0.0000,0.0630,100.0000
00904,0.0285,0.0000,0.1553,100.0000
00905,0.0072,0.0000,0.0628,100.0000
00907,0.0082,0.0000,0.0537,100.0000
00911,0.0071,0.0000,0.0593,100.0000
00912,0.0077,0.0000,0.0624,100.0000
00914,0.0124,0.0000,0.1299,100.0000
00915,0.0171,0.0000,0.0755,100.0000
00921,0.0048,0.0000,0.0446,100.0000
00923,0.0388,0.0000,0.3491,100.0000
00924,0.0072,0.0000,0.0726,100.0000
00926,0.0243,0.0000,0.1077,100.0000
00927,0.0063,0.0000,0.0549,100.0000
00930,0.0281,0.0000,0.1974,100.0000
00931,0.0376,0.0000,0.1363,100.0000
00932,0.0029,0.0000,0.0241,100.0000
00933,0.0055,0.0000,0.0728,100.0000
00934,0.0086,0.0000,0.0740,100.0000
00935,0.0036,0.0000,0.0286,100.0000
00938,0.0264,0.0000,0.3502,100.0000
00939,0.7520,0.2419,2.0162,100.0000
00944,0.0053,0.0000,0.0802,100.0000
00945,0.0041,0.0000,0.0412,100.0000
00947,0.0054,0.0000,0.0637,100.0000
00948,0.0069,0.0000,0.0598,100.0000
00949,0.0053,0.0000,0.0590,100.0000
00953,0.0052,0.0000,0.0545,100.0000
00955,0.4128,0.0000,1.1222,100.0000
00956,0.0603,0.0000,0.4478,100.0000
00960,0.0059,0.0000,0.0481,100.0000
00961,0.0513,0.0000,0.3097,100.0000
00963,0.0252,0.0000,0.1541,100.0000
00965,0.1254,0.0000,0.4446,100.0000
00968,0.0912,0.0000,0.3090,100.0000
00969,0.0218,0.0000,0.1317,100.0000
00971,0.0142,0.0000,0.1019,100.0000
00974,0.0072,0.0000,0.0644,100.0000
00976,0.0081,0.0000,0.0470,100.0000
00980,0.0028,0.0000,0.0497,100.0000
00981,0.0034,0.0000,0.0308,100.0000
00982,0.0687,0.0000,0.7225,100.0000
00983,0.0200,0.0000,0.1304,100.0000
00984,0.0371,0.0000,0.8670,100.0000
00986,0.0330,0.0000,0.1819,100.0000
00989,0.0282,0.0000,0.2393,100.0000
00991,0.0061,0.0000,0.0590,100.0000
00992,0.0005,0.0000,0.1130,100.0000
00997,0.0742,0.0000,0.5934,100.0000
00998,0.0424,0.0000,0.3140,100.0000
00999,0.0104,0.0000,0.0992,100.0000
01000,0.0155,0.0000,0.1110,100.0000
01001,0.0289,0.0000,0.1391,100.0000
01002,0.0241,0.0000,0.1451,100.0000
01003,0.0113,0.0000,0.0836,100.0000
01009,0.0074,0.0000,0.0688,100.0000
01010,0.0091,0.0000,0.0913,100.0000
01012,0.0190,0.0000,0.2344,100.0000
01015,0.0047,0.0000,0.0340,100.0000
01018,0.0378,0.0000,0.2486,100.0000
01019,0.0070,0.0000,0.0532,100.0000
01020,0.0284,0.0000,0.1268,100.0000
01021,0.0030,0.0000,0.0533,100.0000
01022,0.0990,0.0000,0.6045,100.0000
01024,0.0065,0.0000,0.0596,100.0000
01025,0.0129,0.0000,0.0618,100.0000
01029,0.0611,0.0000,0.4484,100.0000
01030,0.0110,0.0000,0.0863,100.0000
01031,0.0438,0.0000,0.3358,100.0000
01032,0.0763,0.0000,0.2997,100.0000
01034,0.0078,0.0000,0.0502,100.0000
01035,0.0150,0.0000,0.1589,100.0000
01036,0.0217,0.0000,0.1219,100.0000
01038,0.0861,0.0000,0.9361,100.0000
01039,0.1002,0.0000,0.4276,100.0000
01041,0.0057,0.0000,0.0568,100.0000
01042,0.0056,0.0000,0.0570,100.0000
01044,0.0098,0.0000,0.0572,100.0000
01045,0.0033,0.0000,0.0308,100.0000
01046,0.0033,0.0000,0.0362,100.0000
01050,0.0074,0.0000,0.0562,100.0000
01051,0.0077,0.0000,0.0406,100.0000
01052,0.0478,0.0000,0.1849,100.0000
01054,0.0043,0.0000,0.0394,100.0000
01055,0.0050,0.0000,0.0322,100.0000
01056,0.0356,0.0000,0.1942,100.0000
01057,0.0336,0.0000,0.2356,100.0000
01058,0.0086,0.0000,0.0863,100.0000
01059,0.0735,0.0000,0.4661,100.0000
01060,0.0330,0.0000,0.2396,100.0000
01062,0.0071,0.0000,0.0915,100.0000
01063,0.0036,0.0000,0.0559,100.0000
01064,0.0456,0.0000,0.2635,100.0000
01065,0.0070,0.0000,0.0566,100.0000
01066,0.0028,0.0000,0.0639,100.0000
01069,0.0118,0.0000,0.0953,100.0000
01070,0.0366,0.0000,0.3328,100.0000
01073,0.0093,0.0000,0.0679,100.0000
01075,0.1080,0.0000,0.3914,100.0000
01076,0.0499,0.0000,0.2853,100.0000
01077,0.0059,0.0000,0.0536,100.0000
01080,0.0129,0.0000,0.1645,100.0000
01081,0.0591,0.0000,0.2968,100.0000
01082,0.0309,0.0000,0.2273,100.0000
01083,0.0047,0.0000,0.0581,100.0000
01084,0.0184,0.0000,0.1337,100.0000
01085,0.0037,0.0000,0.0419,100.0000
01086,0.0096,0.0000,0.1125,100.0000
01087,0.1785,0.0000,0.4745,100.0000
01088,0.0992,0.0000,0.3953,100.0000
01089,0.0393,0.0000,0.5405,100.0000
01090,0.0101,0.0000,0.0712,100.0000
01091,0.0268,0.0000,0.1374,100.0000
01092,0.0087,0.0000,0.1065,100.0000
01093,0.0177,0.0000,0.1612,100.0000
01095,0.0077,0.0000,0.0684,100.0000
01099,0.0505,0.0000,0.4359,100.0000
01100,0.0119,0.0000,0.0793,100.0000
01102,0.2374,0.0000,0.8878,100.0000
01103,0.0055,0.0000,0.0348,100.0000
01104,0.0055,0.0000,0.0580,100.0000
01105,0.0252,0.0000,0.1223,100.0000
01106,0.0207,0.0000,0.1662,100.0000
01107,0.0053,0.0000,0.0426,100.0000
01109,0.0785,0.0000,0.6634,100.0000
01110,0.0069,0.0000,0.0717,100.0000
01118,0.0035,0.0000,0.0339,100.0000
01119,0.0055,0.0000,0.0509,100.0000
01120,0.0133,0.0000,0.1082,100.0000
01121,0.0142,0.0000,0.0914,100.0000
01122,0.0034,0.0000,0.0174,100.0000
01123,0.0098,0.0000,0.0823,100.0000
01126,0.0264,0.0000,0.2395,100.0000
01127,0.0085,0.0000,0.0694,100.0000
01128,0.0236,0.0000,0.1606,100.0000
01129,0.0106,0.0000,0.1018,100.0000
01134,0.0101,0.0000,0.0544,100.0000
01135,0.0050,0.0000,0.0589,100.0000
01138,0.0189,0.0000,0.1125,100.0000
01139,0.0061,0.0000,0.0780,100.0000
01143,0.0083,0.0000,0.0711,100.0000
01145,0.1328,0.0000,0.4928,100.0000
01146,0.0187,0.0000,0.1268,100.0000
01147,0.0061,0.0000,0.0626,100.0000
01148,0.0101,0.0000,0.0990,100.0000
01149,0.0080,0.0000,0.0648,100.0000
01151,0.0288,0.0000,0.0973,100.0000
01152,0.0056,0.0000,0.0518,100.0000
01155,0.0141,0.0000,0.0971,100.0000
01156,0.0055,0.0000,0.0816,100.0000
01157,0.0099,0.0000,0.0684,100.0000
01158,0.0108,0.0000,0.0923,100.0000
01161,0.0159,0.0000,0.1321,100.0000
01162,0.0154,0.0000,0.1292,100.0000
01163,0.0351,0.0000,0.1550,100.0000
01164,0.0090,0.0000,0.0700,100.0000
01165,0.0070,0.0000,0.0674,100.0000
01166,0.0109,0.0000,0.0655,100.0000
01167,0.0155,0.0000,0.4443,100.0000
01168,0.0781,0.0000,0.3489,100.0000
01169,0.1824,0.0000,0.7711,100.0000
01170,0.0067,0.0000,0.0441,100.0000
01171,0.0041,0.0000,0.0505,100.0000
01172,0.0044,0.0000,0.0387,100.0000
01173,0.0241,0.0000,0.1473,100.0000
01174,0.0113,0.0000,0.0707,100.0000
01175,0.0079,0.0000,0.0576,100.0000
01177,0.0819,0.0000,0.4514,100.0000
01178,0.0548,0.0000,0.3276,100.0000
01180,0.0091,0.0000,0.0848,100.0000
01181,0.0317,0.0000,0.1432,100.0000
01182,0.0054,0.0000,0.0392,100.0000
01183,0.0032,0.0000,0.0275,100.0000
01184,0.0105,0.0000,0.0901,100.0000
01186,0.0741,0.0000,0.4002,100.0000
01188,0.0294,0.0000,0.2152,100.0000
01191,0.0042,0.0000,0.0382,100.0000
01195,0.0192,0.0000,0.1040,100.0000
01199,0.0682,0.0000,0.3249,100.0000
01200,0.0224,0.0000,0.0924,100.0000
01201,0.0170,0.0000,0.1196,100.0000
01204,0.0093,0.0000,0.0767,100.0000
01206,0.0094,0.0000,0.0629,100.0000
01207,0.0400,0.0000,0.3353,100.0000
01208,0.0053,0.0000,0.0578,100.0000
01209,0.0048,0.0000,0.0479,100.0000
01211,0.0311,0.0000,0.2262,100.0000
01212,0.0058,0.0000,0.1639,100.0000
01213,0.0960,0.0000,0.5203,100.0000
01219,0.0006,0.0000,0.0632,100.0000
01220,0.0070,0.0000,0.0444,100.0000
01221,0.0508,0.0000,0.2357,100.0000
01222,0.0619,0.0000,0.2481,100.0000
01224,0.0029,0.0000,0.0367,100.0000
01225,0.0179,0.0000,0.1039,100.0000
01231,0.0032,0.0000,0.0316,100.0000
01232,0.0374,0.0000,0.3092,100.0000
01233,0.0039,0.0000,0.0361,100.0000
01237,0.0236,0.0000,0.1513,100.0000
01243,0.0048,0.0000,0.1051,100.0000
01244,0.0098,0.0000,0.1102,100.0000
01247,0.0268,0.0000,0.1372,100.0000
01248,0.0124,0.0000,0.1066,100.0000
01250,0.0059,0.0000,0.0436,100.0000
01252,0.0153,0.0000,0.1532,100.0000
01254,0.0128,0.0000,0.1001,100.0000
01255,0.0104,0.0000,0.1695,100.0000
01256,0.0097,0.0000,0.0636,100.0000
01259,0.0215,0.0000,0.1688,100.0000
01260,0.1619,0.0000,0.5728,100.0000
01262,0.0096,0.0000,0.0961,100.0000
01266,0.0056,0.0000,0.0396,100.0000
01267,0.1709,0.0000,0.9235,100.0000
01269,0.0041,0.0000,0.0473,100.0000
01270,0.0419,0.0000,0.2526,100.0000
01273,0.0130,0.0000,0.1097,100.0000
01274,0.0807,0.0000,0.4229,100.0000
01275,0.3596,0.0000,1.3207,100.0000
01276,0.9889,0.0000,3.2904,100.0000
01278,0.0189,0.0000,0.1185,100.0000
01279,0.0055,0.0000,0.0580,100.0000
01281,0.0179,0.0000,0.1226,100.0000
01282,0.0111,0.0000,0.0767,100.0000
01283,0.0042,0.0000,0.0624,100.0000
01285,0.0065,0.0000,0.0976,100.0000
01286,0.0060,0.0000,0.0535,100.0000
01293,0.0346,0.0000,0.3518,100.0000
01295,0.0087,0.0000,0.0690,100.0000
01297,0.0392,0.0000,0.2143,100.0000
01298,0.0065,0.0000,0.0816,100.0000
01300,0.0082,0.0000,0.0619,100.0000
01301,0.0059,0.0000,0.0615,100.0000
01303,0.0044,0.0000,0.0541,100.0000
01304,0.0210,0.0000,0.3720,100.0000
01315,0.0003,0.0000,0.0912,100.0000
01316,0.0182,0.0000,0.1939,100.0000
01319,0.0052,0.0000,0.0370,100.0000
01320,0.0411,0.0000,0.5280,100.0000
01323,0.0072,0.0000,0.0638,100.0000
01326,0.0045,0.0000,0.0420,100.0000
01327,0.0032,0.0000,0.0365,100.0000
01328,0.0062,0.0000,0.0577,100.0000
01329,0.0048,0.0000,0.0415,100.0000
01330,0.0080,0.0000,0.0852,100.0000
01331,0.0109,0.0000,0.0881,100.0000
01333,0.0067,0.0000,0.1085,100.0000
01340,0.0218,0.0000,0.1558,100.0000
01347,0.0105,0.0000,0.0790,100.0000
01348,0.0043,0.0000,0.0387,100.0000
01349,0.0108,0.0000,0.0819,100.0000
01350,1.4458,1.1700,1.9973,100.0000
01351,0.0180,0.0000,0.1416,100.0000
01352,0.0068,0.0000,0.0565,100.0000
01353,0.0042,0.0000,0.0516,100.0000
01354,0.0126,0.0000,0.1691,100.0000
01356,0.0148,0.0000,0.1202,100.0000
01357,0.0088,0.0000,0.0932,100.0000
01358,0.0150,0.0000,0.0905,100.0000
01360,0.0133,0.0000,0.1414,100.0000
01361,0.0202,0.0000,0.1555,100.0000
01362,0.0151,0.0000,0.1065,100.0000
01366,0.0178,0.0000,0.1147,100.0000
01367,0.0070,0.0000,0.0464,100.0000
01368,0.0052,0.0000,0.0297,100.0000
01370,0.0054,0.0000,0.0514,100.0000
01372,0.2794,0.0000,0.8540,100.0000
01373,0.0059,0.0000,0.0624,100.0000
01375,0.0127,0.0000,0.0625,100.0000
01376,0.0072,0.0000,0.0706,100.0000
01377,0.0043,0.0000,0.0490,100.0000
01379,0.0045,0.0000,0.0402,100.0000
01380,0.0096,0.0000,0.0895,100.0000
01382,0.0090,0.0000,0.0637,100.0000
01383,0.0507,0.0000,0.1961,100.0000
01384,0.0028,0.0000,0.0281,100.0000
01386,0.0111,0.0000,0.1021,100.0000
01387,0.0059,0.0000,0.0690,100.0000
01388,0.0036,0.0000,0.0478,100.0000
01389,0.0456,0.0000,0.1507,100.0000
01390,0.0028,0.0000,0.0349,100.0000
01391,0.0056,0.0000,0.0552,100.0000
01392,0.0314,0.0000,0.2503,100.0000
01393,0.3162,0.0254,0.7951,100.0000
01396,0.0196,0.0000,0.1554,100.0000
01400,0.0122,0.0000,0.0998,100.0000
01404,0.0083,0.0000,0.0509,100.0000
01405,0.0453,0.0000,0.7730,100.0000
01406,0.0416,0.0000,0.3188,100.0000
01414,0.0311,0.0000,0.3163,100.0000
01415,0.0045,0.0000,0.0525,100.0000
01420,0.0175,0.0000,0.0982,100.0000
01421,0.0780,0.0000,0.4333,100.0000
01423,0.0170,0.0000,0.1036,100.0000
01424,0.0303,0.0000,0.2507,100.0000
01425,0.0080,0.0000,0.0880,100.0000
01428,0.0145,0.0000,0.1008,100.0000
01430,0.0080,0.0000,0.0747,100.0000
01431,0.0296,0.0000,0.2368,100.0000
01432,0.0048,0.0000,0.0456,100.0000
01434,0.0115,0.0000,0.0667,100.0000
01435,0.0095,0.0000,0.0875,100.0000
01438,0.0072,0.0000,0.0653,100.0000
01440,0.0896,0.0000,0.3261,100.0000
01443,0.0505,0.0000,0.2554,100.0000
01445,0.0657,0.0000,0.3572,100.0000
01446,0.0166,0.0000,0.1520,100.0000
01448,0.0094,0.0000,0.0646,100.0000
01451,0.0046,0.0000,0.0514,100.0000
01454,0.0118,0.0000,0.1102,100.0000
01456,0.0060,0.0000,0.0464,100.0000
01457,0.0098,0.0000,0.0876,100.0000
01459,0.0724,0.0000,0.3047,100.0000
01460,0.0058,0.0000,0.0530,100.0000
01462,0.1484,0.0000,0.6320,100.0000
01467,0.0286,0.0000,0.2331,100.0000
01470,0.0391,0.0000,0.1675,100.0000
01471,0.0132,0.0000,0.0791,100.0000
01472,0.0113,0.0000,0.0675,100.0000
01473,0.0095,0.0000,0.0788,100.0000
01474,0.0076,0.0000,0.0548,100.0000
01475,0.0075,0.0000,0.0602,100.0000
01477,0.0065,0.0000,0.0461,100.0000
01478,0.0089,0.0000,0.0774,100.0000
01479,0.0331,0.0000,0.3810,100.0000
01480,0.0414,0.0000,0.2266,100.0000
01481,0.0214,0.0000,0.0899,100.0000
01482,0.2399,0.0000,0.8423,100.0000
01483,0.0573,0.0000,0.7315,100.0000
01485,0.0558,0.0000,0.4843,100.0000
01486,0.0147,0.0000,0.1068,100.0000
01487,0.0094,0.0000,0.0983,100.0000
01488,0.0204,0.0000,0.0865,100.0000
01491,0.0061,0.0000,0.0553,100.0000
01492,0.0146,0.0000,0.1465,100.0000
01496,0.0029,0.0000,0.0327,100.0000
01497,0.0639,0.0000,0.2562,100.0000
01499,0.0133,0.0000,0.1001,100.0000
01506,0.0090,0.0000,0.0821,100.0000
01508,0.0333,0.0000,0.3089,100.0000
01509,0.0050,0.0000,0.0459,100.0000
01510,0.0074,0.0000,0.0632,100.0000
01511,0.0081,0.0000,0.0680,100.0000
01514,0.0015,0.0000,0.0801,100.0000
01515,0.0719,0.0000,0.3752,100.0000
01516,0.0106,0.0000,0.0891,100.0000
01517,0.0098,0.0000,0.0716,100.0000
01519,0.0125,0.0000,0.1067,100.0000
01523,0.0082,0.0000,0.0868,100.0000
01524,0.0244,0.0000,0.1678,100.0000
01525,0.0079,0.0000,0.0908,100.0000
01528,0.0022,0.0000,0.0522,100.0000
01531,0.0102,0.0000,0.0597,100.0000
01532,0.0065,0.0000,0.0679,100.0000
01533,0.0453,0.0000,0.4054,100.0000
01534,0.0108,0.0000,0.0780,100.0000
01540,0.0023,0.0000,0.0800,100.0000
01542,0.1122,0.0000,0.6538,100.0000
01543,0.0109,0.0000,0.1434,100.0000
01544,0.0047,0.0000,0.0686,100.0000
01546,0.0110,0.0000,0.0942,100.0000
01551,0.0528,0.0000,0.1487,100.0000
01553,0.0035,0.0000,0.0360,100.0000
01556,0.0112,0.0000,0.0743,100.0000
01566,0.0523,0.0000,0.1876,100.0000
01569,0.0220,0.0000,0.1049,100.0000
01574,0.0061,0.0000,0.0557,100.0000
01575,0.0260,0.0000,0.1078,100.0000
01577,0.0354,0.0000,0.4012,100.0000
01581,0.0098,0.0000,0.0793,100.0000
01582,0.0958,0.0000,0.4856,100.0000
01583,0.0077,0.0000,0.0920,100.0000
01584,0.0261,0.0000,0.1577,100.0000
01602,0.0125,0.0000,0.1024,100.0000
01603,0.0041,0.0000,0.0457,100.0000
01604,0.0050,0.0000,0.0620,100.0000
01606,0.0069,0.0000,0.0598,100.0000
01611,0.0076,0.0000,0.0560,100.0000
01612,0.0082,0.0000,0.0884,100.0000
01613,0.0131,0.0000,0.0740,100.0000
01617,0.0052,0.0000,0.0736,100.0000
01618,0.0051,0.0000,0.0423,100.0000
01625,0.0053,0.0000,0.0643,100.0000
01627,0.0049,0.0000,0.0952,100.0000
01630,0.0132,0.0000,0.2173,100.0000
01631,0.0129,0.0000,0.1641,100.0000
01633,0.0338,0.0000,0.1187,100.0000
01635,0.0087,0.0000,0.0584,100.0000
01636,0.0078,0.0000,0.0621,100.0000
01637,0.0062,0.0000,0.0642,100.0000
01640,0.0161,0.0000,0.0928,100.0000
01643,0.0062,0.0000,0.0511,100.0000
01644,0.0047,0.0000,0.0475,100.0000
01645,0.0057,0.0000,0.0533,100.0000
01646,0.0297,0.0000,0.1299,100.0000
01648,0.0064,0.0000,0.0604,100.0000
01650,0.0055,0.0000,0.0468,100.0000
01651,0.0053,0.0000,0.0821,100.0000
01653,0.0074,0.0000,0.0614,100.0000
01658,0.0042,0.0000,0.0712,100.0000
01661,0.0061,0.0000,0.0606,100.0000
01665,0.0108,0.0000,0.1058,100.0000
01669,0.0064,0.0000,0.0591,100.0000
01671,0.0051,0.0000,0.0647,100.0000
01672,0.0050,0.0000,0.0365,100.0000
01674,0.0064,0.0000,0.0705,100.0000
01676,2.6860,1.0666,5.8097,100.0000
01678,0.0126,0.0000,0.1126,100.0000
01680,0.0088,0.0000,0.0918,100.0000
01681,0.0040,0.0000,0.0404,100.0000
01682,0.0094,0.0000,0.1825,100.0000
01684,0.0027,0.0000,0.0355,100.0000
01687,0.0044,0.0000,0.0503,100.0000
01689,0.0090,0.0000,0.0872,100.0000
01690,0.0028,0.0000,0.0372,100.0000
01692,0.0042,0.0000,0.0350,100.0000
01693,0.0080,0.0000,0.0481,100.0000
01697,0.1279,0.0000,0.5978,100.0000
01698,0.0651,0.0000,0.3097,100.0000
01700,0.0050,0.0000,0.0558,100.0000
01702,0.0056,0.0000,0.0653,100.0000
01703,0.0073,0.0000,0.0983,100.0000
01705,0.0693,0.0000,0.3623,100.0000
01706,0.0089,0.0000,0.0563,100.0000
01709,0.0194,0.0000,0.1531,100.0000
01710,0.0057,0.0000,0.0719,100.0000
01713,0.0032,0.0000,0.0381,100.0000
01717,0.0040,0.0000,0.0419,100.0000
01718,0.0478,0.0000,0.3173,100.0000
01719,0.0034,0.0000,0.0368,100.0000
01720,0.0043,0.0000,0.0414,100.0000
01726,0.0452,0.0000,0.1582,100.0000
01727,0.0038,0.0000,0.0602,100.0000
01728,0.0571,0.0000,0.2676,100.0000
01729,0.0115,0.0000,0.1280,100.0000
01731,0.0064,0.0000,0.0544,100.0000
01734,0.0035,0.0000,0.0618,100.0000
01738,0.0044,0.0000,0.0468,100.0000
01741,0.0109,0.0000,0.0747,100.0000
01744,0.0052,0.0000,0.0633,100.0000
01745,0.0141,0.0000,0.1374,100.0000
01747,0.0173,0.0000,0.1235,100.0000
01748,0.0035,0.0000,0.0509,100.0000
01755,0.1057,0.0000,0.7757,100.0000
01760,0.0034,0.0000,0.0327,100.0000
01762,0.0039,0.0000,0.0504,100.0000
01763,0.0043,0.0000,0.0381,100.0000
01768,0.0052,0.0000,0.0626,100.0000
01770,0.0060,0.0000,0.0625,100.0000
01771,0.0225,0.0000,0.1188,100.0000
01773,0.0032,0.0000,0.0339,100.0000
01775,0.0050,0.0000,0.0850,100.0000
01778,0.0047,0.0000,0.0580,100.0000
01779,0.0071,0.0000,0.0712,100.0000
01782,0.0071,0.0000,0.1029,100.0000
01783,0.0107,0.0000,0.0896,100.0000
01786,0.0039,0.0000,0.0412,100.0000
01789,0.0073,0.0000,0.0521,100.0000
01792,0.0054,0.0000,0.0528,100.0000
01794,0.0093,0.0000,0.0876,100.0000
01795,0.0269,0.0000,0.1241,100.0000
01796,0.0028,0.0000,0.0389,100.0000
01798,0.0002,0.0000,0.0375,100.0000
01802,0.0092,0.0000,0.0728,100.0000
01803,0.0221,0.0000,0.1296,100.0000
01805,0.0060,0.0000,0.0454,100.0000
01806,0.0067,0.0000,0.0725,100.0000
01809,0.0045,0.0000,0.0338,100.0000
01812,0.0051,0.0000,0.1543,100.0000
01813,0.0096,0.0000,0.1011,100.0000
01816,0.0029,0.0000,0.0318,100.0000
01817,0.0025,0.0000,0.0358,100.0000
01818,0.0022,0.0000,0.0228,100.0000
01819,0.0044,0.0000,0.0458,100.0000
01821,0.0089,0.0000,0.0946,100.0000
01823,0.0047,0.0000,0.0559,100.0000
01825,0.0061,0.0000,0.0510,100.0000
01826,0.0200,0.0000,0.1511,100.0000
01827,0.0064,0.0000,0.0590,100.0000
01828,0.0104,0.0000,0.0899,100.0000
01830,0.0043,0.0000,0.0441,100.0000
01833,0.0094,0.0000,0.0702,100.0000
01843,0.0547,0.0000,0.2570,100.0000
01845,0.0081,0.0000,0.0604,100.0000
01849,0.0036,0.0000,0.0633,100.0000
01855,0.0102,0.0000,0.0964,100.0000
01858,0.0064,0.0000,0.0594,100.0000
01859,0.0060,0.0000,0.0504,100.0000
01860,0.0047,0.0000,0.0448,100.0000
01862,0.0040,0.0000,0.0392,100.0000
01863,0.0066,0.0000,0.0462,100.0000
01866,0.0026,0.0000,0.0480,100.0000
01867,0.0073,0.0000,0.0533,100.0000
01868,0.0079,0.0000,0.0739,100.0000
01869,0.0057,0.0000,0.0579,100.0000
01870,0.0304,0.0000,0.1119,100.0000
01874,0.0046,0.0000,0.0538,100.0000
01876,0.0089,0.0000,0.0529,100.0000
01877,0.0019,0.0000,0.0219,100.0000
01878,0.0222,0.0000,0.1517,100.0000
01880,0.0085,0.0000,0.0512,100.0000
01882,0.0051,0.0000,0.0490,100.0000
01883,0.0066,0.0000,0.0633,100.0000
01884,0.0058,0.0000,0.0565,100.0000
01885,0.0041,0.0000,0.0354,100.0000
01887,0.0042,0.0000,0.0658,100.0000
01888,0.0127,0.0000,0.0878,100.0000
01889,0.0042,0.0000,0.0539,100.0000
01892,0.0213,0.0000,0.1212,100.0000
01893,0.0079,0.0000,0.0483,100.0000
01896,0.0123,0.0000,0.0822,100.0000
01897,0.0004,0.0000,0.0503,100.0000
01900,0.0084,0.0000,0.0686,100.0000
01901,0.0418,0.0000,0.1953,100.0000
01902,0.0091,0.0000,0.0706,100.0000
01905,0.0058,0.0000,0.0467,100.0000
01906,0.0089,0.0000,0.0720,100.0000
01907,0.0082,0.0000,0.0639,100.0000
01908,0.0083,0.0000,0.1189,100.0000
01912,0.1061,0.0000,0.3920,100.0000
01915,0.0048,0.0000,0.0525,100.0000
01921,0.0071,0.0000,0.0586,100.0000
01922,0.0095,0.0000,0.1023,100.0000
01924,0.0035,0.0000,0.0672,100.0000
01925,0.0177,0.0000,0.1550,100.0000
01926,0.0044,0.0000,0.0494,100.0000
01927,0.0061,0.0000,0.0936,100.0000
01930,0.0045,0.0000,0.0475,100.0000
01933,0.0034,0.0000,0.0311,100.0000
01936,0.0047,0.0000,0.0454,100.0000
01939,0.0051,0.0000,0.0656,100.0000
01941,0.0044,0.0000,0.0545,100.0000
01943,0.0191,0.0000,0.1308,100.0000
01959,0.0071,0.0000,0.0769,100.0000
01960,0.0291,0.0000,0.1237,100.0000
01961,0.0033,0.0000,0.0309,100.0000
01962,0.0138,0.0000,0.2164,100.0000
01964,0.0066,0.0000,0.1074,100.0000
01965,0.0029,0.0000,0.0378,100.0000
01966,0.0051,0.0000,0.0630,100.0000
01975,0.0249,0.0000,0.1167,100.0000
01976,0.0029,0.0000,0.0829,100.0000
01977,0.0095,0.0000,0.0644,100.0000
01978,0.0057,0.0000,0.0538,100.0000
01979,0.0031,0.0000,0.0252,100.0000
01983,0.0269,0.0000,0.1501,100.0000
01984,0.0058,0.0000,0.0535,100.0000
01985,0.0034,0.0000,0.0424,100.0000
01987,0.0032,0.0000,0.0538,100.0000
01995,0.0064,0.0000,0.0516,100.0000
01997,0.0062,0.0000,0.0466,100.0000
01998,0.0419,0.0000,0.2182,100.0000
02002,0.0036,0.0000,0.0439,100.0000
02006,0.0072,0.0000,0.0583,100.0000
02009,0.0094,0.0000,0.0574,100.0000
02011,0.0059,0.0000,0.0577,100.0000
02015,0.0026,0.0000,0.0277,100.0000
02019,0.0258,0.0000,0.1184,100.0000
02020,0.0045,0.0000,0.0432,100.0000
02022,0.0056,0.0000,0.0372,100.0000
02023,0.0050,0.0000,0.0408,100.0000
02024,0.0019,0.0000,0.0296,100.0000
02025,0.0116,0.0000,0.0853,100.0000
02026,0.0026,0.0000,0.1018,100.0000
02027,0.0055,0.0000,0.0816,100.0000
02028,0.0044,0.0000,0.0591,100.0000
02029,0.0043,0.0000,0.0350,100.0000
02032,0.0057,0.0000,0.0431,100.0000
02033,0.0040,0.0000,0.0429,100.0000
02034,0.0049,0.0000,0.0767,100.0000
02035,0.0077,0.0000,0.0593,100.0000
02038,0.0031,0.0000,0.0354,100.0000
02043,0.0059,0.0000,0.0591,100.0000
02045,0.0094,0.0000,0.1127,100.0000
02047,0.0120,0.0000,0.0720,100.0000
02048,0.0063,0.0000,0.0569,100.0000
02051,0.0055,0.0000,0.0455,100.0000
02052,0.0008,0.0000,0.1237,100.0000
02056,0.0232,0.0000,0.1649,100.0000
02058,0.0036,0.0000,0.0508,100.0000
02059,0.0062,0.0000,0.0487,100.0000
02060,0.0162,0.0000,0.0950,100.0000
02061,0.0101,0.0000,0.0636,100.0000
02064,0.0038,0.0000,0.0386,100.0000
02077,0.0042,0.0000,0.0707,100.0000
02078,0.0039,0.0000,0.0431,100.0000
02084,0.0047,0.0000,0.0506,100.0000
02085,0.0052,0.0000,0.0547,100.0000
02086,0.0043,0.0000,0.0361,100.0000
02087,0.0079,0.0000,0.0539,100.0000
02090,0.0088,0.0000,0.0593,100.0000
02091,0.0046,0.0000,0.0720,100.0000
02092,0.0051,0.0000,0.0389,100.0000
02093,0.0122,0.0000,0.0828,100.0000
02099,0.0071,0.0000,0.0868,100.0000
02102,0.0188,0.0000,0.1470,100.0000
02105,0.0046,0.0000,0.0352,100.0000
02106,0.0049,0.0000,0.0346,100.0000
02109,0.0203,0.0000,0.1510,100.0000
02112,0.0035,0.0000,0.0370,100.0000
02113,0.0060,0.0000,0.0541,100.0000
02114,0.0071,0.0000,0.0514,100.0000
02115,0.0057,0.0000,0.0618,100.0000
02117,0.0041,0.0000,0.0338,100.0000
02118,0.0537,0.0000,0.2227,100.0000
02119,0.0053,0.0000,0.0955,100.0000
02123,0.0195,0.0000,0.0866,100.0000
02131,0.0021,0.0000,0.0244,100.0000
02133,0.0045,0.0000,0.0418,100.0000
02136,0.0035,0.0000,0.0509,100.0000
02137,0.0156,0.0000,0.1009,100.0000
02138,0.0050,0.0000,0.0428,100.0000
02140,0.0103,0.0000,0.0965,100.0000
02141,0.0070,0.0000,0.0743,100.0000
02142,0.0147,0.0000,0.1096,100.0000
02152,0.0032,0.0000,0.0533,100.0000
02154,0.0053,0.0000,0.0561,100.0000
02155,0.0110,0.0000,0.0712,100.0000
02156,0.0079,0.0000,0.1041,100.0000
02159,0.0062,0.0000,0.0531,100.0000
02161,0.0065,0.0000,0.0553,100.0000
02162,0.0034,0.0000,0.0335,100.0000
02165,0.0030,0.0000,0.0858,100.0000
02166,0.0113,0.0000,0.0849,100.0000
02168,0.0046,0.0000,0.0350,100.0000
02170,0.0118,0.0000,0.0602,100.0000
02172,0.0025,0.0000,0.0776,100.0000
02173,0.0125,0.0000,0.0853,100.0000
02174,0.0027,0.0000,0.0440,100.0000
02186,0.0036,0.0000,0.0534,100.0000
02187,0.0056,0.0000,0.0571,100.0000
02190,0.0276,0.0000,0.1724,100.0000
02193,0.0083,0.0000,0.0656,100.0000
02194,0.0069,0.0000,0.0519,100.0000
02197,0.0734,0.0000,0.3349,100.0000
02198,0.0513,0.0000,0.2167,100.0000
02203,0.0020,0.0000,0.0344,100.0000
02204,0.0195,0.0000,0.0826,100.0000
02206,0.0086,0.0000,0.0914,100.0000
02207,0.0026,0.0000,0.0297,100.0000
02212,0.0133,0.0000,0.1143,100.0000
02213,0.0080,0.0000,0.0580,100.0000
02216,0.0140,0.0000,0.0615,100.0000
02217,0.0080,0.0000,0.0591,100.0000
02219,0.0045,0.0000,0.0422,100.0000
02220,0.0039,0.0000,0.0521,100.0000
02223,0.0052,0.0000,0.0502,100.0000
02229,0.0025,0.0000,0.0487,100.0000
02230,0.0137,0.0000,0.0994,100.0000
02232,0.0086,0.0000,0.0598,100.0000
02234,0.0036,0.0000,0.0399,100.0000
02236,0.0675,0.0000,0.3129,100.0000
02237,0.0888,0.0000,0.3562,100.0000
02239,0.0056,0.0000,0.0646,100.0000
02240,0.0041,0.0000,0.0474,100.0000
02241,0.0031,0.0000,0.0323,100.0000
02243,0.0022,0.0000,0.0276,100.0000
02244,0.0036,0.0000,0.0341,100.0000
02249,0.0102,0.0000,0.0713,100.0000
02250,0.0078,0.0000,0.0667,100.0000
02255,0.0554,0.0000,0.2244,100.0000
02257,0.0077,0.0000,0.1088,100.0000
02264,0.0066,0.0000,0.0484,100.0000
02265,0.0034,0.0000,0.0462,100.0000
02266,0.0370,0.0000,0.2069,100.0000
02267,0.0402,0.0000,0.1914,100.0000
02269,0.0067,0.0000,0.0479,100.0000
02270,0.0035,0.0000,0.0412,100.0000
02272,0.0243,0.0000,0.3382,100.0000
02275,0.0764,0.0000,0.3279,100.0000
02277,0.0178,0.0000,0.1029,100.0000
02278,0.0084,0.0000,0.0549,100.0000
02279,0.0057,0.0000,0.0407,100.0000
02281,0.0104,0.0000,0.0755,100.0000
02282,0.0091,0.0000,0.0641,100.0000
02292,0.0115,0.0000,0.1439,100.0000
02293,0.0054,0.0000,0.0592,100.0000
02297,0.0029,0.0000,0.0331,100.0000
02298,0.0321,0.0000,0.2072,100.0000
02300,0.0045,0.0000,0.0470,100.0000
02301,0.0045,0.0000,0.0707,100.0000
02311,0.0105,0.0000,0.0857,100.0000
02314,0.0074,0.0000,0.0663,100.0000
02319,0.0063,0.0000,0.0541,100.0000
02321,0.0347,0.0000,0.1983,100.0000
02322,0.0235,0.0000,0.1396,100.0000
02324,0.0314,0.0000,0.1305,100.0000
02326,0.0091,0.0000,0.0949,100.0000
02327,0.0249,0.0000,0.1073,100.0000
02328,0.1055,0.0000,0.2958,100.0000
02332,0.1260,0.0000,0.3918,100.0000
02334,0.0099,0.0000,0.0558,100.0000
02337,0.0093,0.0000,0.0734,100.0000
02339,0.0189,0.0000,0.1185,100.0000
02342,0.0046,0.0000,0.0469,100.0000
02343,0.0231,0.0000,0.1095,100.0000
02347,0.0050,0.0000,0.0429,100.0000
02348,0.0089,0.0000,0.0734,100.0000
02349,0.0068,0.0000,0.0460,100.0000
02350,0.0274,0.0000,0.1721,100.0000
02352,0.0100,0.0000,0.0840,100.0000
02353,0.0082,0.0000,0.0463,100.0000
02355,0.0124,0.0000,0.0991,100.0000
02358,0.0031,0.0000,0.0490,100.0000
02359,0.0045,0.0000,0.0480,100.0000
02361,0.0061,0.0000,0.0464,100.0000
02362,0.0061,0.0000,0.1050,100.0000
02364,0.0316,0.0000,0.1701,100.0000
02365,0.0091,0.0000,0.0728,100.0000
02366,0.0200,0.0000,0.1377,100.0000
02367,0.0054,0.0000,0.0626,100.0000
02368,0.0405,0.0000,0.2445,100.0000
02370,0.0272,0.0000,0.1509,100.0000
02371,0.0126,0.0000,0.0990,100.0000
02373,0.0037,0.0000,0.0357,100.0000
02375,0.0096,0.0000,0.0605,100.0000
02379,0.0085,0.0000,0.0686,100.0000
02394,0.0047,0.0000,0.0482,100.0000
02412,0.0061,0.0000,0.0682,100.0000
02413,0.0067,0.0000,0.0546,100.0000
02414,0.0434,0.0000,0.2102,100.0000
02415,0.0075,0.0000,0.0540,100.0000
02416,0.0260,0.0000,0.1679,100.0000
02417,0.0110,0.0000,0.1136,100.0000
02418,0.0075,0.0000,0.0599,100.0000
02419,0.0041,0.0000,0.0341,100.0000
02420,0.0069,0.0000,0.0450,100.0000
02421,0.0038,0.0000,0.0309,100.0000
02424,0.0087,0.0000,0.0738,100.0000
02426,0.0129,0.0000,0.0996,100.0000
02430,0.0104,0.0000,0.1002,100.0000
02431,0.0203,0.0000,0.1273,100.0000
02432,0.0230,0.0000,0.2538,100.0000
02434,0.0132,0.0000,0.1102,100.0000
02435,0.0119,0.0000,0.0754,100.0000
02436,0.0150,0.0000,0.1061,100.0000
02439,0.0045,0.0000,0.0764,100.0000
02440,0.0053,0.0000,0.0544,100.0000
02441,0.0025,0.0000,0.0615,100.0000
02442,0.0230,0.0000,0.1475,100.0000
02443,0.0206,0.0000,0.0902,100.0000
02445,0.0079,0.0000,0.0588,100.0000
02447,0.0071,0.0000,0.0771,100.0000
02448,0.0035,0.0000,0.0495,100.0000
02450,0.0036,0.0000,0.0531,100.0000
02452,0.0125,0.0000,0.0668,100.0000
02454,0.0099,0.0000,0.0777,100.0000
02455,0.0030,0.0000,0.0603,100.0000
02456,0.0085,0.0000,0.0557,100.0000
02457,0.0064,0.0000,0.0663,100.0000
02458,0.0188,0.0000,0.0916,100.0000
02459,0.0021,0.0000,0.0200,100.0000
02461,0.0030,0.0000,0.0308,100.0000
02462,0.0070,0.0000,0.0571,100.0000
02465,0.0068,0.0000,0.0542,100.0000
02467,0.0048,0.0000,0.0754,100.0000
02468,0.0055,0.0000,0.0682,100.0000
02469,0.0220,0.0000,0.1229,100.0000
02472,0.1192,0.0000,0.4577,100.0000
02474,0.0096,0.0000,0.0604,100.0000
02478,0.0025,0.0000,0.0390,100.0000
02480,0.0044,0.0000,0.0413,100.0000
02510,0.0702,0.0000,0.3798,100.0000
02518,0.0023,0.0000,0.0315,100.0000
02520,0.0547,0.0000,0.2199,100.0000
02521,0.0066,0.0000,0.0691,100.0000
02522,0.0032,0.0000,0.0291,100.0000
02524,0.0047,0.0000,0.0539,100.0000
02525,0.0064,0.0000,0.0715,100.0000
02526,0.0054,0.0000,0.0352,100.0000
02533,0.0061,0.0000,0.0559,100.0000
02534,0.0145,0.0000,0.1357,100.0000
02535,0.0077,0.0000,0.0710,100.0000
02536,0.0105,0.0000,0.0881,100.0000
02540,0.0182,0.0000,0.1851,100.0000
02542,0.0080,0.0000,0.0384,100.0000
02547,0.0198,0.0000,0.1254,100.0000
02550,0.0147,0.0000,0.0789,100.0000
02551,0.0042,0.0000,0.0550,100.0000
02552,0.0082,0.0000,0.0742,100.0000
02553,0.0247,0.0000,0.1238,100.0000
02554,0.0113,0.0000,0.1118,100.0000
02557,0.0060,0.0000,0.0629,100.0000
02559,0.0059,0.0000,0.0582,100.0000
02566,0.0091,0.0000,0.0618,100.0000
02567,0.0072,0.0000,0.0576,100.0000
02571,0.0059,0.0000,0.0477,100.0000
02573,0.0116,0.0000,0.0757,100.0000
02575,0.0048,0.0000,0.0497,100.0000
02576,0.0071,0.0000,0.0587,100.0000
02578,0.0085,0.0000,0.0788,100.0000
02581,0.0044,0.0000,0.0423,100.0000
02585,0.0040,0.0000,0.0330,100.0000
02587,0.0034,0.0000,0.0243,100.0000
02588,0.0315,0.0000,0.1421,100.0000
02590,0.0205,0.0000,0.1608,100.0000
02593,0.0091,0.0000,0.0637,100.0000
02595,0.0060,0.0000,0.0499,100.0000
02601,0.0080,0.0000,0.0611,100.0000
02610,0.0042,0.0000,0.0431,100.0000
02611,0.0066,0.0000,0.0693,100.0000
02613,0.0023,0.0000,0.0244,100.0000
02615,0.0054,0.0000,0.0507,100.0000
02617,0.0032,0.0000,0.0406,100.0000
02619,0.0075,0.0000,0.0593,100.0000
02622,0.0477,0.0000,0.1580,100.0000
02629,0.0069,0.0000,0.0515,100.0000
02632,0.0169,0.0000,0.1310,100.0000
02634,0.0060,0.0000,0.0687,100.0000
02649,0.0980,0.0000,0.2848,100.0000
02650,0.0092,0.0000,0.0779,100.0000
02663,0.0111,0.0000,0.0718,100.0000
02666,0.0043,0.0000,0.0495,100.0000
02669,0.0070,0.0000,0.0588,100.0000
02673,0.0111,0.0000,0.0709,100.0000
02681,0.0050,0.0000,0.0510,100.0000
02689,0.0093,0.0000,0.0661,100.0000
02690,0.0116,0.0000,0.0932,100.0000
02700,0.0045,0.0000,0.0531,100.0000
02705,0.0079,0.0000,0.0549,100.0000
02709,0.0469,0.0000,0.1502,100.0000
02713,0.0071,0.0000,0.0608,100.0000
02718,0.0074,0.0000,0.0697,100.0000
02721,0.0205,0.0000,0.1220,100.0000
02722,0.0127,0.0000,0.1034,100.0000
02723,0.0068,0.0000,0.0676,100.0000
02725,0.0143,0.0000,0.0920,100.0000
02729,0.0306,0.0000,0.2088,100.0000
02730,0.0092,0.0000,0.0703,100.0000
02731,0.0373,0.0000,0.1520,100.0000
02732,0.0056,0.0000,0.0420,100.0000
02734,0.0520,0.0000,0.2030,100.0000
02736,0.0171,0.0000,0.1309,100.0000
02737,0.0047,0.0000,0.0468,100.0000
02739,0.0094,0.0000,0.1029,100.0000
02740,0.0100,0.0000,0.0674,100.0000
02741,0.0159,0.0000,0.0925,100.0000
02749,0.0042,0.0000,0.0439,100.0000
02755,0.0049,0.0000,0.0665,100.0000
02756,0.0075,0.0000,0.0567,100.0000
02758,0.0182,0.0000,0.1467,100.0000
02760,0.0195,0.0000,0.1170,100.0000
02761,0.0097,0.0000,0.0914,100.0000
02762,0.0124,0.0000,0.0600,100.0000
02763,0.0044,0.0000,0.0383,100.0000
02764,0.0069,0.0000,0.0698,100.0000
02847,0.0047,0.0000,0.0598,100.0000
02851,0.0054,0.0000,0.0498,100.0000
02852,0.0329,0.0000,0.1606,100.0000
02854,0.0049,0.0000,0.0411,100.0000
02857,0.0077,0.0000,0.1803,100.0000
02868,0.0362,0.0000,0.1832,100.0000
02869,0.0045,0.0000,0.0397,100.0000
02872,0.0063,0.0000,0.0825,100.0000
02873,0.0053,0.0000,0.0934,100.0000
02874,0.0197,0.0000,0.1274,100.0000
02876,0.0190,0.0000,0.0976,100.0000
02877,0.0119,0.0000,0.0890,100.0000
02878,0.0097,0.0000,0.0665,100.0000
02879,0.0053,0.0000,0.0419,100.0000
02880,0.0162,0.0000,0.1372,100.0000
02882,0.0077,0.0000,0.0548,100.0000
02883,0.0056,0.0000,0.0416,100.0000
02885,0.0075,0.0000,0.0422,100.0000
02888,0.0059,0.0000,0.0677,100.0000
02898,0.0065,0.0000,0.0849,100.0000
02899,0.0022,0.0000,0.0447,100.0000
02902,0.0076,0.0000,0.0551,100.0000
02908,0.0069,0.0000,0.0655,100.0000
02911,0.0055,0.0000,0.0614,100.0000
02919,0.0278,0.0000,0.1455,100.0000
02920,0.0121,0.0000,0.0859,100.0000
02921,0.0444,0.0000,0.4150,100.0000
02922,0.0882,0.0000,0.3563,100.0000
02924,0.0052,0.0000,0.0397,100.0000
02925,0.0233,0.0000,0.1512,100.0000
02928,0.0207,0.0000,0.1180,100.0000
02938,0.0092,0.0000,0.0899,100.0000
02941,0.0093,0.0000,0.0765,100.0000
02942,0.0046,0.0000,0.0424,100.0000
02944,0.0047,0.0000,0.0602,100.0000
02945,0.0075,0.0000,0.0644,100.0000
02954,0.0042,0.0000,0.0452,100.0000
02955,0.0058,0.0000,0.0595,100.0000
02956,0.0634,0.0000,0.3778,100.0000
02960,0.0172,0.0000,0.1007,100.0000
02961,0.0048,0.0000,0.0439,100.0000
02964,0.0037,0.0000,0.0653,100.0000
02966,0.0039,0.0000,0.0416,100.0000
02967,0.0063,0.0000,0.0824,100.0000
02976,0.0065,0.0000,0.0602,100.0000
02977,0.0065,0.0000,0.0491,100.0000
02978,0.0083,0.0000,0.0915,100.0000
02979,0.0029,0.0000,0.0400,100.0000
02980,0.0074,0.0000,0.0684,100.0000
02984,0.0063,0.0000,0.0647,100.0000
02985,0.0075,0.0000,0.0446,100.0000
02986,0.0284,0.0000,0.1632,100.0000
02987,0.0075,0.0000,0.0710,100.0000
02988,0.0070,0.0000,0.0863,100.0000
02989,0.1197,0.0000,0.8419,100.0000
02991,0.0072,0.0000,0.0666,100.0000
02997,0.0238,0.0000,0.1748,100.0000
02998,0.0729,0.0000,0.3991,100.0000
03003,0.0251,0.0000,0.1236,100.0000
03004,0.0021,0.0000,0.0400,100.0000
03006,0.0041,0.0000,0.0289,100.0000
03007,0.0058,0.0000,0.0619,100.0000
03009,0.0076,0.0000,0.0474,100.0000
03011,0.0028,0.0000,0.0277,100.0000
03012,0.0082,0.0000,0.0592,100.0000
03013,0.0078,0.0000,0.0710,100.0000
03014,0.0988,0.0000,0.2953,100.0000
03023,0.1934,0.0000,0.5324,100.0000
03024,0.0075,0.0000,0.0520,100.0000
03026,0.0857,0.0000,0.3517,100.0000
03027,0.0141,0.0000,0.0889,100.0000
03037,0.0107,0.0000,0.0958,100.0000
03039,0.0046,0.0000,0.0427,100.0000
03042,0.0032,0.0000,0.0588,100.0000
03043,0.0040,0.0000,0.0512,100.0000
03051,0.0268,0.0000,0.1177,100.0000
03057,0.0175,0.0000,0.1346,100.0000
03059,0.0181,0.0000,0.1088,100.0000
03060,0.0151,0.0000,0.1290,100.0000
03064,0.0748,0.0000,0.3806,100.0000
03065,0.0280,0.0000,0.1684,100.0000
03079,0.0071,0.0000,0.0608,100.0000
03089,0.0049,0.0000,0.0682,100.0000
03093,0.0074,0.0000,0.0583,100.0000
03102,0.0768,0.0000,0.6252,100.0000
03107,0.0530,0.0000,0.2864,100.0000
03116,0.0133,0.0000,0.0917,100.0000
03117,0.0384,0.0000,0.1608,100.0000
03122,0.0116,0.0000,0.0932,100.0000
03125,0.0228,0.0000,0.1559,100.0000
03126,0.0064,0.0000,0.0636,100.0000
03130,0.0045,0.0000,0.0451,100.0000
03133,0.0054,0.0000,0.0453,100.0000
03134,0.0077,0.0000,0.0674,100.0000
03137,0.0079,0.0000,0.0604,100.0000
03139,0.0270,0.0000,0.2122,100.0000
03140,0.0044,0.0000,0.0324,100.0000
03160,0.0041,0.0000,0.0275,100.0000
03163,0.0191,0.0000,0.1366,100.0000
03172,0.0070,0.0000,0.0622,100.0000
03174,0.0079,0.0000,0.0961,100.0000
03177,0.0047,0.0000,0.0763,100.0000
03178,0.0109,0.0000,0.0888,100.0000
03179,0.0079,0.0000,0.0575,100.0000
03180,0.0086,0.0000,0.0950,100.0000
03183,0.0047,0.0000,0.0489,100.0000
03185,0.0026,0.0000,0.0576,100.0000
03188,0.0135,0.0000,0.0681,100.0000
03189,0.0110,0.0000,0.1085,100.0000
03190,0.0059,0.0000,0.0528,100.0000
03192,0.0196,0.0000,0.1355,100.0000
03193,0.0049,0.0000,0.0497,100.0000
03197,0.0091,0.0000,0.0907,100.0000
03199,0.0109,0.0000,0.0856,100.0000
03200,0.0109,0.0000,0.0661,100.0000
03202,0.0172,0.0000,0.1430,100.0000
03205,0.0069,0.0000,0.0572,100.0000
03206,0.0031,0.0000,0.0326,100.0000
03211,0.0068,0.0000,0.0840,100.0000
03212,0.0049,0.0000,0.0581,100.0000
03214,0.0032,0.0000,0.0329,100.0000
03216,0.0061,0.0000,0.0452,100.0000
03218,0.0080,0.0000,0.0600,100.0000
03219,0.0071,0.0000,0.0675,100.0000
03222,0.0052,0.0000,0.0364,100.0000
03223,0.0120,0.0000,0.0899,100.0000
03224,0.0115,0.0000,0.1329,100.0000
03225,0.0059,0.0000,0.0422,100.0000
03231,0.0039,0.0000,0.0535,100.0000
03232,0.0099,0.0000,0.1295,100.0000
03239,0.0039,0.0000,0.0563,100.0000
03246,0.0081,0.0000,0.0742,100.0000
03247,0.0207,0.0000,0.1432,100.0000
03248,0.0856,0.0000,0.2641,100.0000
03251,0.0116,0.0000,0.0980,100.0000
03253,0.0041,0.0000,0.0431,100.0000
03255,0.0057,0.0000,0.0666,100.0000
03258,0.0039,0.0000,0.0533,100.0000
03259,0.0061,0.0000,0.0787,100.0000
03263,0.0056,0.0000,0.0460,100.0000
03265,0.0043,0.0000,0.0405,100.0000
03266,0.0058,0.0000,0.0545,100.0000
03270,0.0211,0.0000,0.0983,100.0000
03273,0.0144,0.0000,0.0927,100.0000
03275,0.0137,0.0000,0.0722,100.0000
03277,0.0395,0.0000,0.2338,100.0000
03278,0.0039,0.0000,0.0401,100.0000
03282,0.0098,0.0000,0.0806,100.0000
03283,0.0049,0.0000,0.0407,100.0000
03302,0.0115,0.0000,0.0744,100.0000
03303,0.0099,0.0000,0.0874,100.0000
03304,0.0100,0.0000,0.0791,100.0000
03307,0.0048,0.0000,0.0485,100.0000
03312,0.0052,0.0000,0.0540,100.0000
03314,0.0064,0.0000,0.0813,100.0000
03315,0.0347,0.0000,0.2463,100.0000
03324,0.0338,0.0000,0.1252,100.0000
03326,0.0063,0.0000,0.0571,100.0000
03327,0.0077,0.0000,0.0901,100.0000
03328,0.0069,0.0000,0.0693,100.0000
03332,0.0106,0.0000,0.0947,100.0000
03336,0.0092,0.0000,0.0636,100.0000
03340,0.0072,0.0000,0.0887,100.0000
03342,0.0071,0.0000,0.0706,100.0000
03343,0.0042,0.0000,0.0264,100.0000
03344,0.0051,0.0000,0.0403,100.0000
03348,0.0053,0.0000,0.0455,100.0000
03349,0.0121,0.0000,0.0994,100.0000
03351,0.0036,0.0000,0.0515,100.0000
03352,0.0172,0.0000,0.0964,100.0000
03354,0.0055,0.0000,0.0589,100.0000
03358,0.0094,0.0000,0.0734,100.0000
03359,0.0100,0.0000,0.0588,100.0000
03360,0.0060,0.0000,0.0490,100.0000
03361,0.0072,0.0000,0.0469,100.0000
03366,0.0203,0.0000,0.1208,100.0000
03367,0.0107,0.0000,0.0917,100.0000
03371,0.0116,0.0000,0.0802,100.0000
03374,0.0081,0.0000,0.0644,100.0000
03375,0.0053,0.0000,0.0451,100.0000
03377,0.0040,0.0000,0.0390,100.0000
03378,0.0077,0.0000,0.0614,100.0000
03379,0.0841,0.0000,0.4849,100.0000
03380,0.0095,0.0000,0.0494,100.0000
03381,0.0388,0.0000,0.2293,100.0000
03382,0.0086,0.0000,0.0765,100.0000
03384,0.0038,0.0000,0.0629,100.0000
03389,0.0534,0.0000,0.3345,100.0000
03397,0.0069,0.0000,0.0673,100.0000
03403,0.0185,0.0000,0.1424,100.0000
03404,0.0201,0.0000,0.0923,100.0000
03406,0.0049,0.0000,0.0405,100.0000
03412,0.0110,0.0000,0.0942,100.0000
03413,0.0369,0.0000,0.1837,100.0000
03425,0.0033,0.0000,0.0260,100.0000
03431,0.0164,0.0000,0.1157,100.0000
03432,0.0070,0.0000,0.0455,100.0000
03435,0.0547,0.0000,0.2250,100.0000
03442,0.0239,0.0000,0.1354,100.0000
03450,0.0254,0.0000,0.1360,100.0000
03451,0.0396,0.0000,0.2132,100.0000
03453,0.0097,0.0000,0.0889,100.0000
03454,0.0099,0.0000,0.0635,100.0000
03456,0.0044,0.0000,0.0546,100.0000
03463,0.1476,0.0000,0.6215,100.0000
03465,0.0076,0.0000,0.0869,100.0000
03466,0.0124,0.0000,0.0862,100.0000
03467,0.0067,0.0000,0.0522,100.0000
03469,0.0048,0.0000,0.0527,100.0000
03473,0.0518,0.0000,0.2723,100.0000
03474,0.0139,0.0000,0.4057,100.0000
03491,0.0056,0.0000,0.0573,100.0000
03492,0.0088,0.0000,0.0629,100.0000
03495,0.0217,0.0000,0.0840,100.0000
03498,0.0166,0.0000,0.0920,100.0000
03501,0.0089,0.0000,0.0614,100.0000
03502,0.0665,0.0000,0.3422,100.0000
03523,0.0039,0.0000,0.0339,100.0000
